y_true_argmax,y_pred_argmax
26,29
24,31
24,26
24,26
24,26
24,25
25,26
27,30
25,26
33,31
31,32
34,32
35,32
31,32
28,31
27,30
31,32
33,32
31,32
29,32
30,28
29,27
27,27
26,29
27,29
29,28
28,28
29,28
28,27
29,29
23,25
25,26
24,27
24,27
23,28
23,26
23,28
23,23
23,23
24,23
24,23
25,23
26,25
25,23
24,23
25,23
22,23
23,23
23,23
26,23
25,23
27,25
30,29
30,30
31,32
29,32
31,32
31,30
31,32
29,30
30,32
31,30
30,30
29,32
29,32
28,26
23,24
25,24
22,24
23,0
25,24
35,29
27,25
25,27
30,29
34,29
34,29
29,34
31,28
31,29
31,29
28,30
29,29
29,31
28,30
27,32
29,29
26,31
26,25
26,27
27,27
26,30
31,32
31,31
34,34
35,36
27,27
34,33
34,32
34,34
30,26
33,33
35,33
32,33
23,24
21,23
24,24
24,26
23,22
22,22
20,23
23,24
30,31
29,30
31,30
30,30
28,29
31,30
29,30
27,25
18,17
19,17
19,18
20,18
19,18
18,17
20,17
17,18
18,18
18,17
18,18
18,17
18,17
20,18
19,18
24,27
24,27
25,27
25,27
26,28
25,27
25,24
26,27
26,24
25,27
29,28
33,28
26,28
24,27
27,27
22,24
26,29
26,29
26,29
21,25
23,30
21,25
21,23
19,23
20,21
21,21
22,27
22,25
22,23
21,25
24,27
21,23
28,29
29,28
28,28
28,28
27,28
28,28
26,26
26,27
28,26
27,24
28,28
24,22
22,23
25,22
23,23
22,22
23,22
22,22
23,22
21,22
19,21
26,22
22,22
25,22
22,22
21,22
22,22
24,22
23,22
24,23
24,23
24,25
23,23
23,23
24,22
27,25
26,27
26,27
25,26
23,25
34,31
33,31
35,31
33,31
33,31
32,31
32,31
36,32
36,33
20,20
19,20
20,19
27,0
27,25
28,25
27,26
27,25
28,28
25,26
25,26
23,26
25,26
22,26
25,26
23,26
20,26
24,25
23,23
20,22
20,20
23,24
23,24
24,24
25,25
22,23
24,24
24,21
26,26
28,29
28,28
27,24
28,26
26,24
26,26
26,25
26,26
27,29
19,19
20,20
17,18
17,20
20,18
19,18
20,20
3,4
3,3
3,4
2,4
4,34
4,3
2,3
4,3
25,25
25,25
25,22
26,26
29,27
28,27
27,25
30,23
29,26
26,24
28,27
26,22
26,24
3,1
3,1
1,1
3,2
2,4
4,2
5,2
0,4
1,2
2,2
2,2
3,2
23,22
23,22
23,21
23,22
21,22
21,22
22,22
24,22
23,23
24,23
23,22
21,21
24,23
23,22
24,23
27,25
28,24
27,24
26,24
28,25
28,25
25,26
28,24
30,26
26,27
28,27
28,28
25,27
29,27
27,28
23,20
27,30
23,27
25,27
26,27
27,26
28,27
26,27
28,27
26,27
30,27
30,29
31,30
31,32
27,27
29,26
28,28
21,24
22,24
21,24
24,24
22,24
25,25
24,25
20,24
21,23
21,26
21,22
23,22
22,22
20,21
21,21
22,22
22,22
27,21
26,21
23,22
22,22
22,23
23,24
23,23
21,23
25,30
27,30
29,30
27,30
23,30
29,27
36,30
29,0
29,0
31,0
32,35
33,35
33,35
31,31
32,31
30,29
32,29
31,31
30,31
31,31
32,31
31,31
31,35
0,31
0,25
0,30
1,17
0,0
0,0
0,0
7,0
13,0
12,18
7,20
11,18
11,18
6,16
10,25
7,8
11,8
10,8
5,8
10,1
32,30
31,31
29,28
30,30
31,32
28,30
31,30
30,31
27,25
37,32
31,30
29,33
27,33
33,35
37,35
31,35
28,35
34,36
32,31
30,31
36,34
35,34
37,36
35,36
35,34
36,34
35,34
35,34
36,33
37,34
33,32
25,23
29,29
30,30
30,30
30,30
30,30
31,30
30,30
30,30
29,29
30,32
29,29
28,29
29,30
28,29
32,32
36,46
31,31
31,31
28,31
29,30
26,28
29,31
28,28
25,31
28,31
28,28
24,23
17,16
22,21
23,24
21,21
22,25
25,24
22,23
23,23
23,23
22,23
23,23
25,24
27,24
24,24
26,27
32,26
28,27
22,23
22,23
21,0
17,0
21,23
25,27
24,26
26,27
26,28
26,27
25,28
27,27
20,23
26,27
24,24
25,24
26,26
25,26
26,26
23,22
26,23
24,25
27,27
21,26
23,24
27,27
27,25
23,25
24,25
25,25
26,26
30,27
25,30
26,29
29,26
24,26
26,27
26,30
23,25
21,23
24,28
26,29
24,27
16,23
24,23
23,25
23,23
21,23
23,23
22,25
24,25
23,27
23,31
21,23
38,36
38,36
36,36
37,36
35,36
35,36
35,36
33,35
34,34
33,32
33,31
31,34
33,34
33,32
26,26
27,26
23,26
22,26
24,26
23,25
25,26
25,25
26,25
25,25
24,25
25,24
26,25
25,25
24,25
25,25
25,25
25,25
26,29
27,31
27,30
28,29
27,30
26,27
28,23
28,27
26,27
24,27
23,27
25,27
29,27
26,27
29,27
25,27
25,27
27,26
25,27
22,25
21,27
20,27
24,27
23,21
27,25
28,25
26,25
26,25
27,25
25,25
27,27
28,27
24,24
27,25
25,24
25,24
8,22
28,22
9,22
36,20
20,22
26,23
23,21
26,27
27,27
26,27
26,27
26,27
23,26
21,24
23,22
24,24
26,23
23,24
28,26
27,27
23,26
24,24
26,26
25,26
24,25
26,30
27,27
24,25
26,24
25,26
24,25
23,25
24,25
25,25
24,29
26,31
28,25
28,28
28,26
27,28
23,20
25,26
27,27
25,22
24,27
24,25
24,27
31,29
30,32
27,24
31,28
29,26
30,26
29,32
29,35
28,29
28,26
25,26
36,29
29,24
27,25
29,26
28,29
28,26
27,26
27,29
23,24
22,17
24,23
18,23
23,24
20,17
25,30
26,33
28,30
31,29
30,29
31,29
30,25
31,29
29,31
30,29
30,27
28,28
27,24
26,28
28,27
26,27
25,29
26,26
26,28
28,28
28,28
30,29
27,28
29,28
28,29
32,28
27,28
27,29
29,28
27,28
32,28
28,29
27,29
30,31
29,29
29,29
28,30
28,31
28,30
29,31
27,31
27,29
27,27
29,30
30,30
26,30
27,30
27,27
29,29
29,28
29,29
29,29
26,29
25,27
27,29
31,30
31,30
29,29
29,28
30,29
27,28
40,31
34,31
31,28
45,31
30,31
33,33
36,31
33,33
30,29
34,31
31,31
31,31
34,31
31,31
32,33
33,32
27,33
30,32
28,32
32,32
35,36
32,32
32,32
29,32
33,35
36,35
34,32
39,35
34,33
28,29
37,35
35,32
33,31
31,31
33,31
31,31
31,31
30,22
30,26
28,22
29,29
29,28
28,28
25,28
29,29
26,26
28,29
29,27
29,28
30,28
28,28
28,28
30,28
29,28
30,29
30,26
30,27
32,28
31,28
29,29
33,29
32,28
31,27
32,28
31,28
32,28
32,28
31,28
22,25
22,26
23,21
24,27
29,30
26,25
27,30
24,24
22,24
26,26
25,20
24,20
24,22
26,24
30,27
28,25
27,24
28,26
25,24
28,26
29,26
25,24
25,24
26,24
24,24
27,26
27,28
33,30
30,30
29,30
28,30
28,28
27,28
28,28
28,28
27,29
29,30
28,30
30,30
28,28
29,29
28,28
30,29
28,29
27,28
25,27
29,29
35,36
25,27
32,29
30,31
33,34
29,30
30,29
29,29
29,31
30,30
28,29
29,28
28,28
28,28
29,29
29,28
28,28
29,28
28,28
28,28
26,28
26,28
25,28
27,28
31,30
32,30
32,30
33,31
32,30
31,31
31,31
32,31
32,30
31,31
32,31
31,30
28,29
28,28
26,30
26,28
30,28
30,30
28,28
28,28
29,29
32,28
29,28
30,28
27,25
29,28
29,28
27,28
27,28
27,28
28,27
20,24
23,25
26,25
23,25
24,25
24,25
26,25
29,25
25,25
25,29
25,25
26,25
25,25
26,29
27,25
25,25
24,24
26,25
25,25
30,29
32,32
31,32
32,32
31,31
33,30
33,36
32,32
32,32
31,31
32,31
31,31
30,32
28,30
31,32
30,30
28,31
33,31
34,32
29,28
29,28
29,29
31,32
30,34
28,27
30,31
27,27
29,30
28,28
24,23
27,23
30,27
32,27
28,27
30,31
28,25
31,31
34,23
32,26
28,27
34,28
26,27
29,29
23,29
23,29
35,30
30,27
33,27
27,24
24,27
29,28
29,28
28,28
30,28
25,26
30,28
27,28
27,28
27,25
28,26
28,25
26,25
24,25
25,26
24,25
23,27
28,27
19,25
23,24
25,24
26,24
28,28
27,28
26,27
27,28
28,28
30,29
27,25
26,26
26,24
33,30
33,31
33,31
30,29
32,29
27,26
32,30
26,27
26,26
27,26
26,26
30,29
26,27
25,29
27,31
26,29
26,25
25,25
26,25
19,19
21,21
24,20
22,20
22,20
21,19
20,19
22,20
22,21
19,21
18,21
18,22
19,21
19,20
20,19
19,19
20,17
20,20
20,22
18,20
22,23
27,26
21,24
25,23
21,23
29,28
27,27
27,28
28,27
26,27
28,27
27,28
25,27
27,27
27,28
29,28
29,28
30,28
28,28
29,28
28,28
27,28
38,35
29,33
28,28
33,29
35,33
34,32
26,26
30,28
30,28
25,25
26,26
25,28
31,29
29,29
27,25
28,29
28,29
27,27
29,27
29,29
32,29
31,29
31,29
32,29
30,26
33,29
28,29
25,30
24,26
27,26
28,23
29,26
29,25
28,25
28,23
27,23
28,25
26,25
27,25
26,25
26,24
28,27
25,27
27,25
25,26
28,27
27,27
29,27
25,27
31,25
25,24
20,24
26,27
28,27
26,27
27,26
27,25
26,24
26,25
26,24
28,26
28,26
23,24
22,23
22,22
22,24
23,24
23,24
26,24
30,0
30,0
17,19
17,18
17,18
22,26
22,24
24,26
23,24
23,24
24,24
24,24
27,25
27,26
24,24
24,24
24,24
27,26
27,26
22,22
22,20
22,20
21,23
23,22
22,22
23,23
22,23
21,23
22,22
21,22
23,23
23,22
26,23
24,23
24,23
23,23
24,23
30,33
26,28
29,28
25,25
30,30
32,33
27,28
27,28
24,27
28,30
27,27
28,27
26,27
27,25
24,24
25,25
26,25
25,25
29,23
25,27
23,30
29,26
26,27
26,27
27,23
24,23
28,27
27,27
28,27
29,27
27,27
28,27
28,27
28,28
28,27
27,28
28,29
27,28
22,26
26,24
29,25
29,28
31,28
32,35
33,35
33,35
33,35
37,35
35,35
35,35
35,35
36,35
36,35
36,35
23,28
20,22
21,22
22,22
21,22
17,22
21,22
21,22
17,22
21,22
23,22
21,22
23,22
22,22
22,22
21,22
17,22
21,22
32,32
32,32
32,32
29,32
32,33
37,29
39,36
35,36
33,30
28,24
32,31
33,31
38,33
27,33
30,26
33,36
29,35
0,0
0,0
0,29
0,0
0,28
0,28
0,0
0,24
0,0
0,0
0,0
0,0
0,0
0,0
0,0
0,0
0,0
0,0
26,26
28,27
29,27
27,28
28,27
28,27
30,26
28,27
28,28
27,26
27,27
26,24
27,24
26,22
24,22
26,23
24,22
31,29
29,26
28,29
30,29
28,26
29,27
28,27
28,29
28,27
28,27
29,27
28,32
34,33
25,32
35,31
35,31
34,31
34,29
31,31
36,35
26,27
31,30
30,27
28,27
29,27
28,27
27,27
28,27
28,27
28,25
27,27
24,28
27,35
24,27
28,29
28,29
28,27
28,27
26,25
28,26
27,27
26,27
29,30
21,23
23,23
23,23
23,23
25,23
24,23
22,23
24,23
22,23
24,23
25,23
24,23
24,23
24,23
23,23
29,30
31,27
29,29
30,29
31,30
28,29
29,30
23,23
23,23
24,24
24,23
24,23
24,23
23,22
23,22
22,23
22,22
21,22
22,23
23,22
20,22
22,22
22,22
21,22
20,22
22,22
20,22
23,23
34,33
34,34
34,32
33,33
31,32
32,32
30,32
28,32
32,32
30,32
34,32
30,33
31,32
32,32
33,32
32,32
35,32
31,32
30,32
30,34
29,32
24,23
25,23
24,23
23,23
25,23
22,23
24,23
21,22
23,22
22,23
22,23
22,22
23,23
21,21
21,22
23,22
24,23
23,22
25,23
24,22
24,22
24,22
23,22
23,22
24,22
23,22
32,32
29,32
31,32
31,32
32,32
33,32
31,32
33,32
33,32
32,32
31,32
34,32
34,32
29,32
30,32
32,32
29,30
29,30
32,30
32,29
29,30
30,28
27,27
29,29
22,27
22,23
29,28
30,30
29,28
28,28
28,28
29,30
28,29
28,30
29,30
29,28
29,28
30,28
30,30
32,34
33,33
34,33
33,33
31,33
33,33
33,33
30,32
30,32
33,32
36,33
33,34
33,33
32,33
32,33
37,34
29,34
31,33
32,32
31,33
29,25
26,25
28,27
29,28
30,29
28,28
28,27
28,26
27,25
26,26
30,25
29,27
27,27
27,27
27,26
28,26
28,26
26,28
28,25
24,28
26,28
26,29
29,25
30,33
32,32
31,31
35,32
29,28
30,30
30,27
29,27
36,31
34,30
32,30
33,30
32,30
30,30
29,30
30,30
31,32
32,33
31,32
35,32
32,32
31,32
31,32
32,32
38,40
36,33
32,31
31,32
29,31
35,35
31,30
31,30
32,30
27,30
32,30
30,30
29,30
29,30
29,30
28,29
29,29
32,30
31,30
32,30
26,25
24,25
24,24
21,24
28,29
26,26
28,26
26,26
26,26
26,26
25,26
21,24
25,26
24,26
23,25
24,26
25,25
23,25
19,24
17,23
27,27
31,31
31,31
35,33
28,31
29,30
31,31
31,30
33,31
33,32
30,31
32,31
27,27
28,27
28,27
27,27
27,27
25,27
27,28
27,27
27,27
27,27
25,27
27,27
27,29
28,29
26,27
38,31
37,35
36,31
36,31
33,31
34,35
35,31
31,30
32,27
37,31
36,31
36,31
35,31
35,30
34,31
32,30
41,33
33,35
36,33
34,35
36,35
36,33
30,29
32,30
29,27
30,27
31,30
28,27
34,36
34,36
35,36
36,37
35,36
35,36
36,36
36,36
36,36
41,38
42,38
28,27
27,27
26,27
28,27
34,28
30,27
34,31
29,31
28,30
23,24
22,24
26,26
18,23
24,25
24,25
27,30
25,26
26,24
27,28
27,30
22,22
30,30
28,31
23,17
17,22
20,20
24,24
23,23
24,17
18,20
19,22
21,22
25,26
25,26
26,27
27,28
28,28
28,27
30,28
28,27
27,27
27,27
27,27
27,27
32,30
32,30
28,29
29,29
30,30
33,30
32,30
31,30
32,30
27,0
32,30
17,32
16,25
39,35
40,35
40,32
21,26
36,27
31,32
33,31
31,29
26,29
28,27
26,32
30,37
22,25
22,24
22,23
22,23
22,24
24,23
21,23
21,23
20,23
22,23
21,23
20,23
22,23
22,30
20,23
23,23
21,0
21,0
21,23
29,29
29,28
30,30
30,29
30,29
25,30
25,29
32,29
28,28
30,29
30,29
29,28
30,27
29,29
30,28
29,28
30,29
31,28
30,28
32,29
30,31
30,30
26,25
28,25
30,25
31,30
32,29
22,20
22,22
23,22
23,21
23,20
24,22
23,22
30,28
29,28
29,29
30,28
28,27
29,27
29,27
27,26
26,26
28,27
32,32
34,32
33,32
29,26
22,25
17,20
23,22
18,20
20,20
25,25
21,21
20,20
25,26
22,22
25,26
27,27
26,27
26,25
22,20
21,20
27,28
30,27
28,27
26,28
27,25
31,25
34,25
26,27
38,25
26,27
22,27
25,27
26,27
27,27
27,27
28,27
30,27
24,25
26,25
27,27
26,26
22,25
21,26
25,27
27,27
26,27
23,26
23,25
21,25
24,26
24,24
22,25
24,24
22,25
33,31
33,32
33,32
33,32
35,31
34,32
33,32
33,32
33,32
33,32
34,32
33,32
32,33
29,28
4,24
7,6
7,7
26,7
21,6
17,23
12,22
11,22
17,23
8,22
10,27
8,23
7,22
8,22
23,6
13,6
24,23
22,23
25,24
25,24
26,25
24,23
24,25
23,23
23,23
23,23
23,22
23,23
21,22
21,22
24,22
24,22
24,22
26,23
23,22
28,28
28,28
29,29
28,28
28,28
28,28
28,29
31,29
30,29
26,26
26,26
26,26
24,26
27,26
27,26
28,26
25,26
29,26
30,26
26,27
27,29
23,25
28,27
25,24
25,25
27,30
22,29
28,25
29,25
26,27
29,30
30,30
27,30
23,27
20,25
23,25
17,22
24,25
19,21
24,25
25,24
21,25
22,25
20,0
26,27
26,27
19,0
27,28
26,29
29,29
30,29
32,31
33,33
33,35
40,31
33,34
29,29
29,29
25,27
26,27
27,27
26,27
27,27
27,27
26,27
27,29
27,29
27,29
28,29
25,27
29,28
30,29
29,28
29,29
26,28
1,0
0,0
0,29
0,0
0,0
0,0
0,0
0,0
0,0
0,0
0,0
0,0
0,0
0,0
0,0
0,0
0,0
0,0
0,0
0,0
0,39
23,29
30,26
27,29
29,29
44,30
34,28
43,29
37,29
31,30
27,29
29,27
30,31
30,31
32,31
34,31
32,32
32,30
35,32
32,31
34,31
32,31
32,31
32,31
31,31
31,30
32,31
33,31
33,28
32,27
32,28
29,27
31,29
30,27
29,27
31,29
28,27
29,28
31,28
30,28
30,27
19,18
18,18
17,18
18,18
18,18
18,18
31,29
30,26
30,31
29,25
28,25
30,25
32,31
31,31
32,31
32,31
32,29
33,31
31,31
28,29
28,29
31,29
28,26
31,31
30,29
34,30
33,31
32,29
30,29
29,27
21,29
27,29
28,30
30,30
32,30
25,29
29,26
22,29
25,25
36,38
38,38
39,38
39,38
37,38
36,34
28,30
30,32
29,32
28,33
29,32
31,32
30,32
33,32
31,31
33,33
32,31
30,31
33,32
31,32
29,30
20,22
20,20
21,22
25,22
21,21
21,24
22,22
24,22
21,24
22,23
21,25
22,22
23,25
26,26
25,27
25,24
24,23
24,25
23,23
22,23
20,23
24,23
26,24
21,24
24,24
20,23
21,21
21,21
20,21
23,22
27,22
29,30
29,30
31,31
32,31
31,31
31,31
32,31
31,31
30,31
30,31
26,31
30,33
32,31
30,31
27,27
26,27
28,29
29,27
25,27
29,27
30,27
27,28
27,22
29,29
29,27
29,27
29,29
29,28
30,27
34,29
30,29
29,29
29,29
29,29
30,29
30,29
28,29
30,29
29,29
26,29
30,29
30,29
29,29
29,28
29,29
29,29
30,29
31,23
31,24
26,23
32,30
28,29
37,32
35,30
35,31
29,29
32,29
24,24
23,26
25,24
25,26
23,26
27,26
27,28
26,26
23,27
25,25
24,23
26,21
28,27
27,28
26,27
26,31
24,31
24,31
27,27
23,28
24,28
24,24
24,24
24,24
26,24
26,24
23,24
24,24
24,24
24,24
25,24
24,24
24,24
25,24
24,24
31,29
33,29
32,32
26,25
25,24
37,32
43,36
30,28
36,32
30,29
34,31
35,32
26,25
20,22
25,22
22,22
20,19
3,2
3,1
1,2
2,1
35,34
37,35
34,34
33,33
33,34
35,32
35,34
33,33
35,30
35,31
35,30
34,34
34,32
33,30
35,30
30,32
35,33
36,34
41,34
41,35
27,28
26,27
28,27
27,27
29,27
28,27
28,28
28,28
30,28
26,27
23,25
26,27
27,29
28,29
34,29
26,29
25,29
28,29
44,36
39,36
36,36
44,38
45,36
39,36
39,38
37,36
39,36
35,36
35,35
37,36
38,36
37,36
37,36
38,36
35,32
36,34
33,32
33,27
28,30
29,29
30,25
30,29
31,29
29,29
28,29
28,29
28,27
26,25
30,29
30,29
30,28
29,25
30,29
29,29
28,29
31,28
29,28
29,28
28,25
28,27
31,29
30,29
31,29
30,29
29,29
31,29
28,25
29,29
28,29
28,29
30,29
28,27
30,31
30,32
31,31
31,28
29,27
34,32
32,31
35,32
34,32
30,31
27,28
36,28
26,28
29,31
33,31
31,27
31,31
29,27
24,25
24,24
26,26
26,26
24,25
27,25
25,25
24,25
23,25
25,26
24,26
22,25
25,25
23,25
23,25
26,30
28,31
26,29
27,29
28,31
27,29
27,29
26,29
24,29
27,25
27,29
28,31
22,23
18,22
22,22
21,22
21,22
22,22
22,22
21,23
20,22
21,22
22,22
22,22
28,28
32,30
30,28
25,28
32,30
30,29
28,29
39,31
33,30
28,30
28,29
29,30
29,29
27,28
25,28
34,33
31,30
31,32
30,32
29,31
32,35
34,32
30,31
31,32
34,33
30,31
30,31
33,31
30,31
33,32
32,32
32,32
31,32
38,32
33,32
33,33
34,31
23,24
22,25
23,24
17,19
24,24
22,24
25,29
27,30
27,30
30,29
29,0
30,30
29,30
30,0
28,29
31,30
32,30
30,0
30,28
29,29
31,30
27,33
30,28
21,20
21,21
19,20
22,21
21,21
22,20
21,20
20,20
19,20
21,20
21,20
20,20
20,20
21,20
20,20
21,20
29,28
31,28
31,29
30,29
30,29
30,29
31,29
30,29
30,29
28,28
23,28
25,28
26,26
27,31
26,29
27,28
26,26
27,28
28,29
30,29
25,27
27,28
30,28
32,30
33,30
31,31
29,32
28,31
30,32
30,31
30,31
31,31
32,32
27,26
26,26
28,26
31,30
34,31
31,28
31,28
32,30
31,30
35,31
34,31
32,30
27,28
27,26
25,28
27,28
27,29
28,28
24,28
26,25
25,27
25,29
24,27
24,29
25,29
26,27
25,27
24,27
26,28
26,27
26,29
27,29
27,28
27,27
28,26
27,29
29,29
27,28
26,29
28,27
30,29
29,29
29,29
28,28
27,27
30,28
28,29
28,26
27,28
27,29
29,27
27,27
31,22
32,30
31,30
38,33
37,32
35,32
35,31
25,25
35,30
34,27
32,31
30,30
26,35
26,32
30,34
31,34
26,29
29,29
25,29
28,29
32,32
33,33
26,29
29,30
30,33
28,28
26,29
23,0
26,30
26,30
31,31
32,33
31,32
32,32
30,32
30,35
28,29
29,28
30,32
31,32
26,31
23,22
23,22
23,22
22,22
22,22
23,23
19,21
22,22
21,22
22,22
20,20
20,21
23,22
21,20
22,21
21,22
23,22
21,22
20,21
21,20
18,20
20,20
19,20
20,20
19,20
20,20
20,20
21,21
21,21
26,29
27,28
28,25
27,25
25,25
25,28
26,28
26,29
22,27
24,25
24,27
23,27
25,27
22,22
26,26
24,27
25,25
25,27
23,25
24,24
25,27
26,27
27,27
27,29
22,24
25,27
25,20
26,25
27,25
28,26
26,26
26,26
27,25
25,26
26,26
25,26
25,26
25,27
26,26
25,25
28,28
26,26
26,26
30,27
31,30
32,30
27,30
30,29
30,31
29,27
29,27
29,27
28,27
30,26
28,26
30,27
27,27
27,26
19,28
7,6
10,5
6,6
9,22
5,5
28,27
25,27
26,27
27,27
27,27
25,27
27,27
25,28
25,24
25,24
25,24
25,24
24,24
24,24
25,24
23,25
26,25
25,24
24,24
26,25
28,27
28,26
27,27
26,27
27,27
26,27
28,28
36,34
32,31
34,33
31,30
30,30
28,28
28,30
28,28
28,28
31,28
31,30
31,30
33,31
36,30
32,27
36,31
31,25
36,32
35,31
36,31
30,30
31,30
33,30
30,25
33,30
31,31
32,31
30,26
32,30
26,25
36,28
30,30
28,25
28,25
28,25
21,21
22,19
23,20
21,21
32,32
33,32
34,32
40,32
30,31
32,32
32,27
34,27
36,34
33,29
33,28
33,28
37,30
38,30
39,30
34,30
42,32
29,25
27,27
27,26
29,27
28,31
27,26
25,23
19,23
26,23
29,25
23,23
22,24
26,26
22,23
26,24
20,24
27,24
25,24
23,24
23,23
28,28
29,30
29,30
29,30
29,30
29,30
31,31
29,30
29,31
28,30
27,30
28,30
28,30
29,30
30,30
29,30
29,30
30,30
30,30
24,27
29,29
25,29
30,29
28,28
29,29
30,28
27,28
30,29
27,27
27,27
27,27
25,27
27,27
26,20
28,30
32,33
27,25
31,33
26,25
24,27
33,27
30,27
28,27
27,27
31,27
31,31
29,0
26,26
28,29
29,30
33,31
30,30
32,30
32,31
33,30
33,30
29,29
30,31
34,29
30,31
29,30
31,32
31,29
26,28
25,28
29,28
31,29
33,29
27,23
29,28
27,28
30,29
31,28
31,28
29,30
28,30
28,29
28,28
27,26
28,28
25,25
26,26
26,25
24,26
23,26
22,26
25,26
27,26
25,26
25,26
24,27
24,26
25,26
26,26
24,26
24,25
24,25
25,26
30,31
26,29
28,30
30,27
27,26
27,28
29,29
26,27
28,28
30,28
28,27
26,28
28,28
28,28
29,28
28,28
27,29
29,31
23,27
24,27
21,22
25,27
29,28
30,29
30,29
29,29
29,28
29,28
27,28
27,29
19,22
25,27
20,24
21,28
17,21
23,21
24,23
24,25
23,23
25,23
22,24
23,24
22,24
23,24
22,25
21,24
24,25
24,23
27,27
26,27
26,27
28,29
31,29
28,29
28,28
26,27
30,29
29,29
29,29
28,29
29,29
29,29
28,29
27,27
27,27
28,27
28,27
27,28
26,27
26,27
26,24
27,27
26,26
25,24
28,27
25,22
27,26
27,24
24,22
28,25
24,24
26,24
28,24
28,24
27,23
24,22
23,22
23,22
25,23
24,23
23,22
24,23
25,23
25,23
26,23
29,28
28,29
31,31
29,30
30,30
30,30
31,30
29,30
28,30
29,29
28,28
28,28
27,29
29,28
27,27
25,25
25,26
26,26
25,27
27,26
28,26
27,26
25,25
26,26
26,26
24,25
26,26
24,25
28,24
26,24
27,24
26,24
28,20
25,24
29,27
22,26
23,25
24,25
27,25
25,25
25,25
30,26
25,26
30,25
27,26
22,21
23,21
21,21
18,21
24,19
18,18
18,18
19,18
33,32
31,32
32,31
32,34
31,31
31,31
26,27
29,31
32,32
33,31
31,32
27,32
37,33
36,33
29,0
30,31
26,35
31,31
30,31
30,31
21,24
28,28
29,29
30,35
29,31
26,31
27,31
29,31
30,31
29,31
26,25
25,27
25,26
27,27
24,26
25,24
26,25
25,26
25,23
25,25
23,25
23,24
26,25
22,24
23,24
22,23
22,23
23,23
28,27
24,23
24,24
25,27
25,27
25,24
23,23
25,23
24,24
20,22
26,23
23,23
23,23
21,22
23,22
23,22
24,24
24,23
27,26
26,26
24,23
26,25
25,25
26,25
23,23
21,23
28,27
23,25
25,27
26,27
24,23
24,23
24,22
22,22
22,22
22,22
20,22
22,22
21,22
22,22
21,22
22,22
21,22
22,22
23,22
21,22
20,22
23,22
21,22
22,22
22,22
21,22
23,22
22,22
21,22
22,22
18,22
24,25
22,25
25,22
25,22
22,22
22,22
28,22
23,23
22,22
21,22
21,22
24,21
21,22
20,22
21,21
19,20
20,21
20,20
22,20
21,20
32,29
30,30
30,29
28,29
29,30
30,30
31,30
29,29
29,27
29,27
30,28
29,29
28,27
28,28
26,29
28,28
18,24
27,24
28,25
27,25
29,27
28,27
28,25
26,25
25,27
29,33
32,34
32,34
28,31
29,25
27,31
34,31
29,31
29,31
26,30
34,28
32,27
25,27
28,25
27,25
26,25
25,25
27,27
27,26
27,26
28,27
28,26
28,27
28,26
28,26
35,30
34,35
35,30
35,23
34,30
36,30
26,30
32,30
33,30
31,29
27,26
26,28
25,0
26,25
26,26
26,26
25,27
24,24
23,24
26,24
22,21
21,21
22,21
20,21
20,21
22,21
23,21
23,21
21,21
22,21
21,21
21,21
20,21
20,20
21,21
27,26
22,22
22,22
21,22
21,22
20,23
23,22
21,22
23,22
22,22
20,21
22,22
23,22
23,22
22,22
20,22
23,22
23,22
24,22
24,22
26,27
27,27
27,27
26,27
25,27
28,28
26,25
27,26
28,26
27,25
27,26
26,24
26,26
26,25
26,26
25,26
24,25
23,25
26,26
25,25
23,25
26,26
23,25
23,25
22,26
28,31
35,29
32,32
29,32
29,32
38,32
32,28
30,32
32,32
32,31
30,31
33,32
32,31
32,31
34,31
31,31
32,31
31,31
36,32
36,32
35,30
37,30
37,30
37,30
35,30
38,30
32,30
32,30
33,29
31,30
26,30
27,28
26,29
30,30
29,25
31,25
26,25
29,28
30,29
26,29
24,27
27,29
27,28
25,26
24,26
28,28
28,27
28,27
28,27
27,27
27,26
27,27
23,22
20,20
21,21
25,26
27,26
26,26
25,26
24,26
26,25
33,30
31,29
31,30
27,27
27,27
28,28
24,27
27,27
36,35
31,35
40,35
34,35
37,33
35,34
35,35
35,34
34,32
38,34
36,34
40,35
35,34
36,35
35,34
35,34
35,33
35,34
33,32
35,32
35,33
35,33
34,33
32,32
37,33
28,26
29,26
29,25
28,26
28,25
29,25
24,18
28,29
30,29
28,29
29,29
29,29
28,29
28,29
28,23
23,26
22,25
33,25
22,26
19,24
28,25
28,27
27,23
27,27
27,28
30,28
19,23
20,23
21,25
25,25
24,25
24,25
24,25
26,26
27,25
31,31
31,28
33,28
29,31
34,32
31,32
32,31
32,28
32,31
30,27
25,27
27,27
27,25
25,27
25,27
26,26
28,24
24,25
21,23
25,25
29,29
30,34
29,27
27,27
24,25
28,27
27,27
28,27
27,27
26,27
26,27
25,27
24,27
25,27
28,27
28,27
27,27
23,24
34,37
37,37
36,37
36,37
37,37
38,37
37,37
37,37
36,37
22,28
30,29
28,29
30,30
29,24
27,31
29,29
29,29
30,29
29,29
29,29
30,29
28,28
30,28
30,28
28,28
26,28
26,27
27,27
27,24
25,27
26,28
26,27
24,27
23,27
28,26
24,28
24,26
26,26
22,24
15,22
28,26
27,26
26,26
27,26
26,26
32,29
28,25
27,24
30,28
22,23
29,29
33,29
25,24
25,24
26,25
28,29
24,25
23,25
23,25
24,25
25,25
24,25
24,25
22,26
23,25
23,26
22,24
24,23
23,24
23,25
22,24
23,24
26,25
22,25
21,23
22,23
23,21
20,23
26,22
27,23
16,19
30,31
19,22
21,18
18,18
22,19
29,0
24,24
23,24
33,33
31,29
30,27
30,29
33,32
29,32
21,23
21,23
24,23
23,23
23,24
21,23
21,23
21,23
21,23
21,23
21,23
21,23
23,24
23,24
22,23
23,26
29,26
33,25
27,26
29,26
30,29
31,29
28,29
31,29
27,29
29,29
25,26
24,26
31,29
27,25
28,29
27,29
30,29
29,29
29,29
30,29
25,24
26,0
26,25
31,32
32,31
34,31
33,32
29,29
30,31
29,28
31,30
30,30
28,29
29,30
27,26
30,30
30,30
28,28
25,29
26,26
27,27
28,27
27,27
24,27
27,25
27,27
27,27
25,27
27,27
26,27
27,27
29,27
28,26
27,26
27,25
25,25
25,25
23,25
25,25
23,24
20,22
29,28
27,30
27,30
28,30
26,27
21,21
18,20
17,20
19,20
27,28
28,27
29,28
26,27
26,25
24,25
26,26
27,29
27,27
21,23
23,24
28,26
29,26
25,26
22,25
27,27
26,27
28,27
27,25
29,27
26,27
27,26
27,27
26,28
29,27
28,28
26,25
30,29
27,27
27,27
27,27
27,27
26,26
27,27
25,25
25,25
27,25
25,25
23,24
24,25
26,27
30,30
29,31
30,30
30,30
29,30
30,30
30,30
29,30
29,30
30,30
30,30
30,30
29,30
30,30
28,30
29,30
29,30
28,30
29,29
25,27
24,26
24,26
24,27
25,27
25,27
26,28
25,27
25,27
26,27
26,27
26,26
27,27
26,27
26,27
25,27
26,27
28,28
18,19
19,19
19,19
18,19
26,27
25,25
28,27
28,27
27,27
26,26
28,27
28,27
28,27
27,27
38,31
36,31
36,35
36,31
36,35
33,28
31,27
33,30
35,30
37,30
35,30
36,30
36,35
36,30
34,30
37,30
36,30
30,27
29,28
27,27
26,28
26,27
26,27
26,27
25,27
26,27
27,27
26,27
26,27
25,29
27,28
27,28
25,29
27,28
26,29
25,28
25,29
29,29
26,29
27,29
28,29
25,31
23,26
25,25
25,25
33,30
30,30
31,30
29,25
29,7
28,28
28,25
30,25
27,27
28,28
28,28
29,28
29,28
29,26
30,23
30,29
27,26
26,26
25,25
26,25
26,25
27,27
26,25
27,25
29,29
31,29
31,29
30,29
29,29
30,29
30,29
27,29
30,29
29,29
27,27
30,28
25,26
24,24
24,21
23,21
24,22
31,35
19,19
20,20
21,20
20,19
18,19
19,20
19,20
21,20
0,0
0,26
0,0
0,28
0,0
0,0
0,0
0,0
0,0
0,29
0,29
26,2
26,2
27,2
28,2
26,28
27,29
29,28
29,29
31,29
29,30
30,30
26,29
29,31
28,32
29,31
30,31
23,23
20,22
20,22
25,23
24,22
26,23
24,22
26,24
26,23
25,23
23,23
27,23
31,30
31,30
29,27
32,31
33,31
31,31
25,21
31,30
27,24
27,24
31,31
31,32
32,31
26,26
30,31
26,27
30,31
22,25
26,25
31,27
31,30
30,26
28,27
25,26
26,26
24,36
23,36
21,26
26,27
27,26
32,26
30,25
28,26
30,26
22,26
22,26
23,26
26,24
27,24
24,25
24,24
22,25
25,26
27,24
24,27
25,27
26,27
25,27
26,27
27,28
27,27
26,28
24,24
29,25
26,27
24,25
25,27
27,27
25,25
28,25
27,25
24,25
23,25
26,25
27,30
26,25
28,30
24,30
33,32
33,33
33,32
35,32
31,30
33,31
31,32
32,32
31,33
33,33
31,32
30,31
32,33
16,18
17,18
18,19
18,19
17,19
16,18
17,17
17,18
16,19
16,18
15,18
15,18
29,28
31,31
27,27
27,26
28,26
29,26
25,26
27,27
27,26
27,27
26,25
26,26
26,26
28,27
27,26
29,28
31,30
29,30
30,30
30,30
29,28
27,29
29,29
27,28
30,22
28,28
29,28
29,28
29,30
28,30
30,28
28,27
29,29
27,29
28,29
30,29
30,29
27,28
29,29
27,28
29,29
30,29
30,29
28,29
26,28
28,27
34,32
33,30
34,31
28,32
31,32
33,32
33,32
31,31
29,31
30,32
29,32
27,32
29,32
31,32
26,29
30,30
29,30
28,30
30,31
30,32
28,32
32,32
32,31
31,30
31,31
31,30
31,31
32,32
31,32
33,32
32,32
32,32
33,32
33,32
26,26
27,26
26,26
26,26
26,26
24,22
16,19
25,21
26,22
25,22
27,22
26,24
23,26
25,25
23,24
26,27
25,24
24,24
25,25
25,25
23,24
24,24
26,28
27,27
31,29
26,29
22,30
23,29
24,29
30,29
27,28
33,28
37,29
26,28
26,28
24,27
33,27
26,29
24,29
28,30
26,29
29,29
25,28
29,29
32,33
26,29
29,29
27,27
26,26
23,30
28,29
30,28
26,28
30,27
22,24
28,29
29,28
27,29
29,29
27,28
26,26
27,28
28,28
26,29
28,32
31,33
29,26
33,32
33,32
26,27
27,28
25,27
19,21
23,21
22,21
21,21
20,21
22,21
18,21
21,21
19,21
31,30
31,29
31,29
29,29
30,29
29,29
28,29
26,29
30,29
30,29
30,29
29,29
30,29
30,29
29,29
29,29
45,30
26,35
35,36
38,38
33,35
28,27
33,35
35,36
24,25
34,25
34,35
35,36
36,37
30,30
37,37
21,27
34,29
26,25
29,29
24,25
21,24
37,32
41,36
35,31
38,31
30,24
30,27
23,24
28,27
40,31
21,25
30,29
34,32
38,29
29,25
29,29
27,29
29,29
27,29
31,31
30,30
29,29
29,32
29,29
28,29
28,29
29,29
30,28
30,29
29,29
28,29
27,29
27,29
30,28
29,29
28,27
28,28
24,21
26,24
25,25
25,24
18,19
29,27
26,26
22,25
26,27
28,27
27,25
28,26
28,26
26,26
26,25
24,25
26,26
24,26
26,25
25,26
27,26
25,25
27,28
29,29
29,30
32,30
32,29
28,29
30,29
30,29
29,27
28,29
27,29
29,30
28,30
30,30
30,30
34,30
27,25
24,25
28,25
25,27
29,27
22,24
31,30
27,26
28,26
23,25
26,24
25,26
23,26
24,27
26,27
27,27
25,27
25,26
26,27
25,26
26,27
26,27
26,27
28,29
29,28
27,29
26,27
29,29
29,29
35,33
44,35
32,34
32,34
29,26
29,32
38,35
32,35
27,29
28,29
28,30
29,30
28,30
27,29
28,25
27,27
28,29
29,29
28,29
27,29
27,30
27,29
23,29
25,27
22,23
23,23
22,23
22,23
22,23
22,23
22,23
24,23
22,24
23,26
23,23
22,24
23,23
23,23
19,24
24,25
24,0
19,18
16,19
19,24
24,25
25,0
21,19
24,0
23,24
17,19
18,19
25,24
25,28
26,28
28,29
21,26
32,26
26,26
22,24
24,24
23,24
22,22
27,27
26,23
26,23
26,27
26,26
28,27
27,27
28,26
28,23
28,23
30,23
27,23
28,25
28,28
28,27
24,23
28,27
30,27
9,24
8,24
2,27
23,25
25,27
25,25
25,28
25,28
25,28
22,24
25,0
25,28
27,25
27,25
27,29
22,23
25,25
27,0
26,25
25,25
25,25
29,28
27,28
26,28
27,28
27,27
26,28
26,25
25,25
28,27
25,27
33,31
31,31
33,31
31,31
33,31
33,31
37,31
36,33
37,35
36,37
29,25
26,26
27,24
27,24
26,24
25,24
25,24
27,24
23,24
27,26
27,25
27,26
29,24
26,25
27,25
25,25
26,26
24,24
21,20
25,26
23,24
27,24
27,24
27,24
27,24
24,24
32,32
33,32
24,25
31,31
25,25
25,25
30,31
25,25
29,31
20,20
20,22
19,20
21,20
21,26
21,21
21,22
20,22
21,21
21,21
19,20
20,20
20,20
21,24
22,24
24,24
24,23
25,23
23,23
22,24
29,22
23,22
15,23
12,23
14,23
13,24
19,21
23,22
23,27
24,27
21,26
22,25
22,25
21,25
21,24
19,24
22,24
22,24
22,24
21,21
22,24
7,35
2,24
0,34
0,25
25,27
25,26
24,26
27,26
25,27
28,27
27,27
27,24
27,26
28,26
26,24
24,24
26,24
22,24
26,24
32,32
33,32
32,32
28,32
32,32
33,32
33,32
39,36
30,32
28,32
36,36
30,33
33,36
33,33
20,24
31,36
31,36
32,36
33,36
33,36
27,27
28,27
27,27
26,27
26,27
24,26
28,27
26,27
26,27
27,27
27,27
25,27
26,27
27,27
24,27
24,25
21,22
24,22
25,25
23,23
23,24
23,24
22,24
23,26
22,24
18,24
21,24
21,21
21,22
22,22
27,26
28,29
30,26
28,29
28,27
29,28
27,27
30,27
28,26
26,26
25,27
26,28
25,25
24,25
27,27
27,27
28,26
26,27
25,0
25,23
23,23
24,23
22,23
23,23
23,23
23,25
24,24
24,25
23,24
24,22
23,22
25,24
24,22
26,24
22,21
26,25
23,22
24,24
26,24
26,24
24,24
27,27
26,27
26,27
27,23
27,24
27,23
27,23
25,25
26,25
28,23
26,22
23,24
26,23
34,31
31,29
35,31
32,32
31,32
32,32
29,31
32,31
31,31
28,29
30,30
28,29
27,29
31,32
30,29
27,29
27,29
29,29
30,29
24,23
23,23
26,23
25,22
24,23
23,23
24,23
21,23
24,23
24,23
22,23
21,23
23,23
24,22
20,22
22,22
24,23
24,23
22,23
25,23
23,23
33,30
33,30
33,30
31,0
32,30
31,30
27,27
25,27
25,27
27,27
26,27
24,29
24,26
23,28
20,20
19,20
23,24
24,28
25,24
21,20
24,25
21,22
22,24
22,9
21,24
27,25
27,22
27,22
28,27
28,25
31,24
29,27
29,28
29,25
31,27
32,25
27,29
29,31
29,32
28,29
29,32
32,33
35,36
34,32
35,35
27,27
23,25
23,27
26,26
26,26
22,27
25,29
21,28
24,27
25,29
26,28
24,24
34,24
30,25
23,25
29,25
26,25
26,25
26,25
27,25
28,25
25,27
23,24
27,27
23,23
24,25
24,24
27,27
33,28
24,24
29,29
29,28
30,30
30,31
30,29
31,29
29,29
31,29
30,29
32,27
30,29
31,29
30,28
29,29
29,29
27,27
27,27
27,27
28,27
24,29
29,28
27,28
16,18
22,27
23,27
19,22
23,26
28,28
22,25
28,28
27,28
26,27
29,29
37,35
37,38
38,38
38,38
38,38
37,37
38,38
37,38
39,38
38,38
37,38
38,38
37,38
39,38
35,36
35,35
35,35
34,35
38,36
36,35
36,36
36,36
35,36
34,35
35,35
33,35
35,35
34,35
34,35
33,34
35,35
35,35
36,35
34,34
33,35
29,30
27,30
30,31
31,31
33,32
31,35
33,30
32,32
32,32
31,32
31,32
35,32
36,32
38,32
38,32
37,32
35,32
30,31
29,32
35,32
35,32
37,32
31,32
29,26
31,27
34,30
22,24
31,30
31,30
32,31
33,30
33,30
32,30
32,30
31,30
34,35
36,31
32,35
25,30
32,28
31,31
31,31
34,30
30,26
33,28
31,0
30,30
31,30
31,31
30,30
25,27
28,28
29,27
27,30
28,27
2,24
3,2
2,2
3,25
1,25
21,20
20,20
21,19
21,20
20,19
20,20
21,19
19,19
23,20
22,20
21,20
21,20
28,28
30,28
29,29
29,29
30,29
30,29
29,29
29,29
31,29
29,29
29,29
29,29
29,27
24,27
23,27
24,27
26,27
22,22
26,22
23,22
26,23
24,21
22,22
21,24
22,21
21,22
22,22
19,22
23,21
21,22
32,32
32,34
33,31
34,31
35,34
34,31
33,34
34,32
34,34
36,29
35,31
32,32
33,32
34,32
35,30
33,32
31,31
35,31
34,31
33,32
32,32
31,27
31,25
36,33
37,37
30,30
41,38
30,32
39,33
37,33
35,32
42,29
28,29
29,29
29,29
29,28
30,29
29,29
30,29
25,25
28,24
25,26
27,26
28,26
25,26
25,26
26,26
28,26
26,26
25,26
26,26
25,24
25,26
32,35
36,35
33,31
36,35
38,35
34,35
35,35
33,34
34,35
30,30
26,27
31,30
31,30
30,31
31,31
30,30
32,32
32,32
33,32
33,32
30,31
32,31
31,31
30,30
33,33
33,33
33,32
33,31
31,30
31,30
16,17
16,17
17,17
18,17
17,17
17,17
23,24
22,22
22,22
22,22
23,22
22,22
23,26
24,24
22,26
23,22
23,24
29,29
25,27
28,32
29,29
25,29
28,29
29,27
29,29
29,28
26,24
25,24
24,23
24,25
24,24
21,24
30,26
32,26
31,26
32,26
30,26
30,24
26,24
30,26
31,26
31,26
20,24
24,24
21,24
18,22
23,21
25,20
19,20
22,22
24,22
22,22
22,23
22,22
21,22
30,22
27,23
21,20
25,22
20,23
22,23
24,22
24,23
23,22
21,22
22,22
32,27
32,28
33,26
33,32
32,32
31,27
34,32
32,33
33,32
31,32
33,32
33,32
34,31
24,25
27,27
23,25
25,25
26,27
26,25
26,25
25,25
25,25
25,26
27,27
27,27
27,27
26,26
24,23
24,22
22,23
13,23
20,23
22,23
21,23
39,33
18,23
26,28
24,25
33,31
28,29
33,32
30,31
34,32
33,32
29,31
31,31
34,31
33,31
32,31
33,31
32,32
32,32
31,32
32,32
31,29
28,28
25,25
28,28
29,29
31,28
31,31
30,29
29,29
29,27
28,28
28,28
30,27
27,27
28,25
26,25
25,25
26,24
23,22
22,22
20,20
22,22
21,18
21,18
19,18
31,25
34,27
28,23
29,23
28,26
26,25
27,26
26,23
26,27
27,27
26,27
26,26
26,27
27,27
27,27
29,24
27,23
28,22
28,26
28,27
19,21
20,21
21,20
20,20
27,25
30,29
28,25
26,26
29,29
25,26
26,26
27,27
29,34
29,31
30,29
32,30
32,30
34,34
29,31
35,33
34,33
31,33
38,33
31,31
31,30
28,34
23,24
30,31
32,30
32,31
31,33
35,33
33,36
32,35
32,33
34,35
30,31
30,31
34,33
25,25
30,28
29,32
27,32
26,27
32,32
28,30
29,32
29,32
28,31
28,30
27,28
27,28
28,28
27,27
28,31
27,27
26,27
28,26
27,26
25,26
24,26
25,26
27,26
25,26
20,20
20,22
21,26
22,27
21,22
23,22
20,22
24,22
25,24
21,23
25,23
22,22
23,22
23,22
22,23
24,22
23,24
25,25
24,24
23,24
26,25
23,23
26,26
25,24
30,31
31,30
27,30
31,30
26,29
29,29
29,29
28,29
29,28
30,25
31,30
27,25
27,25
29,27
27,27
27,27
32,25
25,25
29,29
27,26
30,29
28,27
26,26
23,26
27,27
29,26
27,24
23,25
30,29
26,24
24,24
23,24
25,26
22,19
25,24
25,24
24,26
23,24
23,24
22,21
18,19
19,19
21,23
24,23
22,23
24,23
24,23
31,30
34,34
32,32
33,27
31,31
35,33
39,37
37,36
33,35
31,34
33,34
32,33
31,27
31,31
33,33
35,34
33,36
34,36
35,37
36,35
33,35
30,35
34,34
32,35
39,38
32,35
29,29
24,32
26,26
23,25
24,24
22,22
21,22
24,23
23,23
24,22
25,22
24,22
23,22
24,22
23,22
23,22
22,21
23,22
23,22
22,22
23,22
21,22
23,23
30,29
30,29
31,30
30,30
30,30
29,30
30,30
29,30
28,30
31,29
26,30
25,30
29,30
30,29
30,29
29,29
29,29
25,29
26,29
28,30
30,30
30,30
27,29
26,28
26,29
26,28
25,29
23,22
21,21
22,21
23,21
22,21
21,20
22,21
22,21
22,21
21,21
22,21
22,21
22,21
22,21
25,26
27,25
27,28
24,24
27,26
26,25
25,26
24,26
25,23
24,26
25,25
25,25
23,23
24,23
25,23
24,26
10,29
22,22
22,22
24,22
24,22
23,22
22,22
22,20
19,21
23,21
23,22
22,21
22,21
22,21
24,24
23,23
30,27
33,25
30,27
29,31
31,0
30,30
29,31
30,31
30,31
5,25
5,6
6,5
12,5
6,6
5,6
5,4
3,4
8,5
5,5
3,5
3,4
5,5
25,30
28,29
29,30
29,30
26,30
26,27
30,30
27,30
23,24
29,33
27,32
26,27
25,28
28,29
27,29
30,28
32,30
30,30
27,27
25,27
27,27
27,27
27,27
27,26
26,26
26,27
24,26
30,30
33,33
33,33
32,32
35,33
35,33
31,31
32,31
31,30
33,30
30,30
32,30
33,30
27,34
29,35
25,34
28,34
23,28
22,23
22,23
22,23
21,23
23,23
24,22
30,30
32,30
29,30
29,30
33,30
31,31
27,29
30,28
29,26
34,30
32,28
27,31
28,30
28,31
27,31
33,31
34,33
33,35
37,39
3,4
0,4
3,25
0,4
4,5
8,5
1,4
0,4
3,4
2,26
24,23
28,23
28,24
31,30
28,31
25,24
25,23
24,24
21,21
23,21
20,23
21,21
22,24
21,20
19,18
18,18
17,18
22,18
19,18
17,18
19,17
19,17
20,18
21,18
18,17
19,18
19,18
18,18
20,18
19,17
21,22
22,22
24,26
23,25
24,24
22,24
21,20
18,19
19,20
19,19
19,19
20,19
19,20
25,22
26,22
24,25
26,23
33,29
31,29
33,32
32,32
32,32
31,29
31,29
31,29
32,29
31,29
32,29
32,31
33,31
31,32
32,32
32,29
32,32
28,29
30,30
28,29
29,28
28,29
28,29
28,29
29,29
29,29
29,29
30,29
24,25
23,23
25,25
25,24
24,25
24,25
24,25
26,24
23,25
24,24
24,25
19,19
20,20
21,20
20,20
19,19
21,20
18,19
21,20
21,20
18,19
18,19
19,18
18,18
26,25
24,31
24,25
23,28
23,25
22,23
23,25
23,23
22,25
21,25
23,23
29,27
27,29
30,28
27,27
23,27
32,27
23,27
28,26
34,31
35,31
31,30
28,27
25,30
30,29
31,32
32,30
31,32
33,30
20,24
26,26
31,29
32,32
32,32
32,32
30,31
28,32
25,25
29,30
32,29
28,29
31,29
24,29
31,29
30,29
30,31
31,32
32,29
30,29
25,29
30,32
21,30
27,31
32,31
33,30
29,30
29,31
28,31
33,29
28,32
25,30
24,25
24,0
31,31
28,28
26,28
31,32
27,31
33,32
32,32
31,32
32,32
31,32
35,30
35,32
35,32
26,28
27,27
32,32
31,32
29,32
32,31
32,31
32,32
38,32
34,28
34,30
27,27
28,27
28,25
29,25
26,25
27,23
27,26
24,27
27,27
24,27
27,26
28,27
27,28
26,28
27,27
26,28
26,29
28,28
28,28
25,28
29,29
27,28
28,29
29,31
30,28
29,28
28,28
28,28
28,28
28,28
27,27
27,28
28,28
29,28
29,28
28,29
28,25
28,28
28,25
32,33
34,31
30,31
30,29
31,32
29,29
28,31
30,31
28,31
30,31
30,32
28,31
29,32
34,32
32,30
31,32
31,27
29,26
28,30
28,27
24,28
27,21
26,27
26,26
26,27
38,37
36,37
34,32
33,33
34,33
36,35
32,32
31,32
34,33
34,34
30,29
39,34
35,34
36,33
34,32
26,28
33,32
33,32
36,33
28,27
35,30
27,28
28,28
34,32
26,28
31,32
30,32
29,28
32,28
34,34
33,34
35,34
34,34
35,34
33,34
35,34
33,30
33,34
32,34
34,34
35,34
35,34
36,34
30,27
28,30
28,29
27,28
27,28
28,28
28,28
26,27
27,27
26,27
27,27
35,31
33,30
34,30
31,30
33,30
30,30
32,30
32,30
28,28
27,29
28,28
28,27
26,27
26,27
27,25
29,26
27,24
25,24
26,24
25,24
26,24
25,24
28,24
25,24
26,24
32,33
34,35
34,34
31,33
36,35
35,34
41,34
36,33
37,35
35,35
35,35
23,23
23,25
23,23
24,23
23,23
21,22
22,23
21,23
21,22
22,22
23,23
21,22
19,22
19,23
21,23
21,23
20,22
24,25
22,24
22,24
22,24
21,23
23,24
17,19
22,24
25,24
25,24
25,25
22,24
25,23
25,27
31,32
29,32
30,32
29,32
26,30
31,32
31,34
31,32
29,32
30,32
32,32
25,26
28,26
27,29
27,29
33,31
34,29
30,29
31,28
30,30
27,29
39,31
30,29
28,30
35,30
32,30
27,29
32,29
32,30
32,30
34,29
23,27
38,32
24,25
25,31
20,26
22,24
24,24
24,25
22,23
27,25
31,27
28,27
26,30
27,28
28,28
29,28
28,28
28,28
27,28
29,29
26,28
26,28
28,29
28,28
27,28
28,28
27,29
27,28
26,28
28,31
27,28
26,27
26,29
0,27
0,28
22,21
22,21
20,21
22,21
23,23
22,22
29,31
25,25
22,23
22,23
23,22
24,22
26,30
26,26
34,35
35,35
36,35
35,34
35,35
33,35
33,35
33,35
34,35
34,34
35,34
33,35
28,27
27,27
27,27
27,27
27,27
27,27
29,27
28,27
29,27
26,27
28,27
27,27
28,27
26,26
27,27
27,27
27,25
25,25
28,27
26,26
29,27
27,27
23,26
24,25
28,27
27,27
31,27
35,35
35,35
35,35
31,30
34,35
30,30
37,35
35,30
27,2
28,29
28,29
28,29
27,29
27,29
29,29
28,30
25,25
30,29
28,29
28,29
29,28
23,2
27,26
22,23
23,23
26,23
22,24
23,23
27,23
29,24
25,24
23,25
24,24
32,26
24,26
27,26
22,26
27,26
26,26
28,26
25,26
27,26
25,24
27,26
24,25
29,26
25,26
29,26
25,26
26,25
27,26
28,26
35,34
31,34
34,29
34,30
34,28
35,28
34,27
35,27
36,27
35,34
34,27
35,27
31,29
32,29
30,29
29,28
29,29
30,27
30,29
25,28
27,27
26,28
27,27
27,28
28,28
26,27
24,27
28,28
26,27
31,28
26,26
25,21
26,21
26,26
26,22
26,23
27,28
28,28
27,23
19,23
18,22
19,24
20,23
20,25
18,22
21,22
20,23
21,26
18,22
26,27
25,25
26,25
26,27
26,26
26,26
26,26
19,20
23,22
22,22
20,21
24,22
20,22
24,22
25,23
29,29
27,29
27,27
25,24
22,23
21,23
19,22
20,23
23,24
23,23
22,24
23,23
22,23
24,24
22,24
23,23
21,23
37,36
39,36
39,38
38,36
38,36
38,36
38,36
39,36
37,36
34,36
38,36
37,40
37,36
38,40
35,36
39,36
37,36
37,36
37,36
39,40
35,36
28,29
29,29
29,29
29,27
27,24
28,26
26,26
25,25
26,26
27,26
25,28
24,25
27,29
30,30
30,30
30,29
31,30
33,30
33,30
25,27
11,4
3,5
13,28
8,26
8,28
10,26
11,26
2,5
9,0
8,0
3,0
6,0
4,0
0,0
8,28
6,3
6,0
0,28
26,27
26,28
26,26
31,28
30,28
31,28
26,27
30,28
24,28
27,28
32,32
33,31
30,31
34,30
30,30
29,30
30,31
31,29
29,29
29,29
30,29
28,29
28,29
28,29
30,29
30,29
28,28
26,29
25,28
29,28
29,28
28,28
30,28
29,29
29,28
27,28
28,28
26,28
25,28
23,28
26,29
26,29
22,21
25,22
29,26
28,27
26,26
27,27
26,26
25,26
24,26
24,26
24,26
25,26
25,26
24,26
25,26
31,28
36,33
36,33
34,33
34,33
34,33
27,24
25,21
29,31
27,31
28,30
27,27
26,25
24,25
26,26
25,25
25,25
24,22
25,24
26,24
22,21
24,22
24,24
25,24
25,24
27,30
29,27
29,27
32,27
28,27
35,31
31,31
28,27
32,31
34,35
29,29
31,28
32,29
32,30
32,29
35,30
34,30
33,29
33,30
34,34
34,34
34,34
34,34
29,32
36,34
33,34
32,32
26,30
20,22
20,22
19,21
21,22
21,23
35,30
25,24
24,24
25,24
32,35
32,33
31,33
34,33
35,30
30,29
24,31
25,29
26,29
26,30
25,32
28,29
29,30
32,29
32,29
25,29
23,32
30,29
30,30
33,29
25,30
30,30
32,29
31,30
30,30
31,30
31,30
32,30
27,29
27,28
27,23
28,26
28,25
29,26
26,26
23,26
21,26
21,27
21,25
24,26
22,26
20,21
20,25
21,26
27,25
25,27
27,26
26,29
20,27
24,28
24,27
27,27
24,27
23,27
29,29
29,29
27,25
22,26
23,25
26,25
22,23
20,21
19,23
22,25
23,25
19,20
34,32
34,32
33,32
32,32
32,32
31,32
32,32
34,32
31,32
32,32
32,32
26,31
27,31
26,34
25,27
24,25
24,26
22,25
25,25
27,29
25,29
28,29
26,27
26,29
22,23
22,25
29,29
22,27
23,23
27,30
30,30
31,29
30,30
29,29
31,30
29,30
29,29
32,30
32,30
28,31
29,30
30,30
29,29
31,30
28,30
29,30
29,30
29,29
27,30
29,29
24,29
28,29
26,29
27,29
25,28
25,28
26,29
28,27
24,24
16,19
17,18
26,25
27,24
28,20
29,20
27,20
28,20
32,31
31,31
30,31
31,31
33,31
27,30
33,32
33,31
30,31
26,24
26,24
25,24
25,24
26,25
27,28
25,24
24,24
25,27
23,23
26,25
24,24
26,28
24,27
24,24
24,25
25,0
22,22
23,22
27,22
24,22
23,22
23,22
22,22
23,24
21,21
24,22
22,21
22,22
24,20
24,22
18,20
23,21
22,26
26,29
20,27
19,27
19,27
31,31
26,27
32,31
29,31
29,31
29,30
29,31
26,29
30,31
30,31
30,29
30,31
30,31
30,30
29,29
30,29
30,29
31,29
30,29
29,27
32,30
31,32
40,32
35,32
31,31
34,30
34,32
34,32
33,32
34,33
34,32
33,32
33,32
35,32
31,34
33,32
27,26
25,26
26,25
26,28
29,29
27,29
28,29
28,29
32,30
32,30
31,30
32,33
30,31
30,32
28,31
30,31
30,31
30,31
27,32
29,31
29,30
28,30
36,30
37,30
34,28
34,29
33,30
35,30
32,29
38,29
35,29
33,29
33,29
28,27
27,27
27,27
27,27
25,26
24,27
28,27
28,27
27,26
25,26
25,25
28,27
33,29
34,30
31,29
31,29
38,33
32,30
28,29
33,28
32,32
34,32
28,31
27,29
30,31
32,31
33,32
30,30
30,31
30,30
30,32
28,29
31,31
32,32
31,32
33,33
35,33
35,33
34,33
34,33
33,33
31,33
33,33
33,34
33,34
33,32
31,32
31,34
30,32
31,32
22,23
26,25
22,22
20,23
22,23
22,23
22,23
22,23
23,23
20,23
26,27
24,25
29,28
30,28
29,29
28,29
29,29
30,28
29,29
29,28
29,28
28,28
28,28
27,28
27,27
28,27
27,28
26,28
26,27
27,26
27,28
26,27
25,27
27,28
22,23
26,25
27,26
31,31
34,31
29,27
37,33
32,36
31,28
26,25
30,30
32,27
20,27
26,26
25,26
30,33
27,31
28,31
22,22
25,22
22,23
23,23
25,24
23,23
23,24
22,21
22,22
22,22
24,24
21,24
20,22
7,29
10,23
14,29
9,29
7,29
11,30
37,36
35,31
36,36
35,36
32,33
30,27
35,34
34,33
30,33
30,33
25,26
26,26
25,25
25,26
25,26
25,26
25,26
24,26
24,25
26,25
26,26
26,27
24,24
24,25
24,26
25,25
26,25
26,27
26,26
27,27
27,27
21,24
26,26
26,25
25,25
25,23
27,23
23,23
23,23
21,23
21,23
27,23
18,23
22,24
24,25
21,22
23,22
21,22
22,22
22,22
20,22
22,22
20,20
29,29
30,29
29,29
30,29
29,29
31,31
29,27
31,31
31,29
30,29
30,29
28,29
29,28
26,27
27,25
29,29
27,26
28,29
30,29
29,29
29,29
28,29
28,26
28,26
30,29
27,29
27,26
27,29
28,26
28,29
27,27
27,27
27,26
28,25
25,25
27,25
24,25
24,26
17,17
17,17
17,17
17,17
17,17
16,17
17,17
18,17
17,17
18,17
17,17
16,18
18,17
18,17
18,17
17,17
17,17
18,17
18,17
19,0
23,22
21,24
23,23
22,25
27,30
28,25
25,26
27,26
26,26
26,24
28,28
25,27
27,29
24,24
21,24
25,25
30,29
24,23
19,24
25,23
24,24
25,24
24,23
24,24
21,23
25,24
25,24
26,24
25,24
26,24
31,30
33,31
32,32
32,32
32,27
33,32
32,32
29,32
31,32
32,33
31,31
34,33
33,33
29,33
37,33
29,34
35,34
36,34
33,33
32,33
33,33
32,33
33,28
29,33
24,24
24,26
23,25
22,24
23,29
21,29
24,29
24,26
21,22
23,23
20,22
22,23
21,22
21,23
22,21
22,23
22,22
21,19
18,23
20,24
18,21
22,22
22,22
21,22
28,25
27,25
26,25
25,25
25,28
24,27
25,27
25,24
27,24
27,24
32,30
34,28
30,30
30,30
31,29
31,30
39,29
34,29
0,0
0,0
0,0
0,0
0,0
0,24
0,24
0,0
0,24
0,0
0,0
0,0
0,0
0,0
24,29
28,26
29,28
26,25
26,26
29,29
33,28
30,28
28,29
25,26
28,27
21,26
24,23
25,26
26,27
25,27
25,27
25,27
28,28
26,27
26,28
23,25
31,29
31,29
31,29
30,29
30,30
29,29
24,24
24,23
24,24
24,24
26,25
32,25
30,29
30,25
30,29
30,28
27,28
30,30
29,30
31,30
27,28
7,9
10,11
12,11
16,11
12,12
9,14
13,11
9,9
10,9
8,9
9,11
16,11
12,11
13,11
7,12
10,27
7,11
8,12
4,11
15,11
30,25
29,29
28,25
29,30
29,30
28,30
30,31
30,30
30,30
28,30
30,30
30,30
30,30
27,30
29,30
32,30
29,30
30,30
30,30
31,30
20,21
23,21
19,20
22,21
21,22
22,22
21,22
22,21
19,20
19,20
22,22
19,20
19,20
23,21
23,21
22,22
21,21
20,19
21,24
21,20
24,18
17,21
20,20
20,20
19,20
17,21
18,19
21,19
18,19
17,19
25,27
25,31
25,31
30,31
29,31
26,25
25,22
25,24
26,24
26,26
24,24
26,24
25,24
24,24
24,22
24,23
26,24
22,23
19,21
24,24
20,24
21,24
21,21
22,24
23,24
24,24
22,21
29,26
30,31
23,29
24,28
25,29
27,29
27,28
27,27
25,29
28,29
25,27
24,27
23,27
24,24
27,28
26,28
26,24
0,24
0,27
0,0
0,22
0,24
0,31
0,0
34,32
33,34
33,34
33,34
33,34
33,31
32,33
31,32
32,32
32,34
32,32
22,24
24,24
22,24
25,24
25,24
24,24
24,24
24,24
22,24
21,24
22,24
29,28
27,25
20,25
28,27
24,26
29,29
27,27
23,23
25,25
29,30
27,25
25,26
23,24
26,26
28,30
23,25
35,31
37,34
35,33
36,35
37,36
41,41
43,42
44,42
39,33
27,27
32,33
32,33
29,30
28,27
28,27
29,32
29,31
27,27
26,26
31,32
31,32
31,32
31,32
32,32
32,32
32,32
32,32
34,32
33,32
32,32
32,32
32,32
31,32
33,32
32,26
25,26
25,25
27,27
26,26
28,27
27,26
27,26
27,26
27,26
26,26
26,26
23,26
20,21
23,24
28,26
26,24
26,26
26,24
28,23
32,27
28,27
25,24
32,29
34,33
34,31
35,31
33,27
34,29
35,32
30,26
32,31
30,29
29,0
28,0
29,28
29,28
30,28
30,28
31,28
31,28
31,29
31,28
31,28
30,28
29,28
28,28
28,29
28,0
28,28
27,28
28,30
30,31
29,29
29,30
28,28
30,31
29,28
29,28
28,28
27,25
25,26
23,25
22,24
25,26
23,23
24,25
24,24
25,23
22,27
22,24
23,26
24,26
26,26
27,26
27,26
26,26
29,29
27,30
28,28
26,26
25,25
26,24
26,26
24,25
23,26
24,23
28,26
26,27
24,28
30,29
26,26
26,29
27,29
32,30
29,29
29,30
28,27
31,30
30,30
31,28
29,27
26,27
28,30
36,0
25,24
16,23
28,28
30,31
30,31
31,31
29,31
28,30
24,24
27,30
23,24
24,24
34,32
32,31
32,32
35,32
32,32
33,32
35,32
33,32
33,30
33,32
32,32
32,30
32,32
24,24
26,24
28,26
26,28
23,24
25,25
26,24
23,24
24,24
23,24
25,24
24,24
22,23
21,24
22,23
30,27
30,27
27,26
26,27
27,27
32,30
31,31
32,30
30,29
31,29
30,29
30,29
28,29
28,31
23,24
22,23
22,23
26,23
26,23
25,23
28,23
24,23
22,23
22,23
24,25
27,29
29,25
28,26
25,24
26,28
25,24
26,24
28,29
27,27
14,12
14,12
20,12
16,12
15,12
18,25
12,11
10,25
16,11
17,12
8,26
13,25
30,31
32,31
31,32
30,32
31,32
30,31
31,32
30,31
32,32
30,31
31,32
30,29
31,29
29,29
23,29
33,28
29,26
30,29
31,33
36,31
32,31
32,33
33,31
31,30
31,30
29,30
27,28
7,14
4,5
12,5
19,7
9,30
23,34
28,34
30,33
25,27
22,31
27,23
24,23
20,22
23,22
21,23
22,23
23,23
24,23
23,22
25,23
25,27
27,23
25,23
24,24
23,23
24,23
23,23
23,23
24,24
22,22
26,26
22,22
25,22
27,22
25,23
35,35
36,32
33,31
30,30
28,31
30,30
32,30
37,35
23,22
24,27
27,27
27,24
30,24
25,24
26,24
20,22
24,22
20,21
34,0
34,35
45,37
41,36
42,36
41,40
36,32
20,20
22,21
23,22
24,22
23,22
22,22
21,21
21,21
25,27
25,28
26,27
26,27
26,27
25,27
26,27
26,27
26,27
25,25
26,27
26,27
27,0
21,20
24,21
23,23
21,23
23,22
23,24
22,24
24,23
23,23
24,23
21,23
27,29
28,27
28,29
28,26
27,27
27,27
29,27
28,27
27,26
27,26
26,27
26,27
26,24
24,26
23,25
26,26
24,25
24,27
24,26
27,26
22,24
22,22
21,21
19,20
23,20
22,21
21,22
23,22
21,22
20,21
19,20
21,21
21,20
20,20
20,20
20,20
20,0
19,20
26,24
28,25
28,25
23,21
25,25
20,22
25,24
25,24
26,24
25,24
27,24
29,29
30,28
27,28
27,27
29,27
26,26
26,27
27,27
26,27
26,26
25,27
28,27
29,27
28,27
27,28
25,27
27,26
25,26
28,30
27,28
27,29
29,28
29,28
28,29
28,25
27,28
29,27
28,28
28,28
28,28
28,27
29,29
28,28
28,30
28,28
29,29
29,29
27,29
30,29
25,26
29,27
30,30
30,29
28,28
29,29
20,27
27,26
21,25
23,24
20,23
22,24
22,23
13,22
19,22
22,23
21,21
29,27
23,25
29,25
26,25
30,27
33,29
32,25
31,27
34,30
29,27
28,25
31,26
29,25
29,27
31,26
11,34
15,34
2,34
10,34
3,34
4,34
5,34
28,28
26,26
27,28
29,28
27,30
27,28
28,22
29,28
28,28
28,29
27,30
31,30
28,29
28,28
28,28
28,29
29,23
29,30
30,30
32,30
30,30
29,30
29,26
27,27
30,27
27,27
26,28
26,27
26,28
27,26
26,24
26,24
25,27
26,24
26,27
25,26
24,23
26,29
26,25
20,21
19,21
20,23
19,23
20,20
18,20
18,21
20,21
21,21
18,20
22,20
23,21
22,21
22,21
20,20
21,20
20,20
20,20
21,20
20,19
22,21
22,21
34,29
33,29
32,29
30,28
28,27
25,27
27,27
24,24
25,26
27,26
26,25
23,26
26,25
23,26
25,25
28,29
26,29
22,23
21,22
24,25
18,21
22,23
17,20
36,35
37,35
38,37
37,39
38,38
40,40
36,40
35,39
29,26
29,26
27,27
27,27
26,26
25,27
29,28
28,26
32,35
35,38
39,38
38,35
36,35
35,35
36,36
36,36
35,36
36,36
33,31
37,36
37,36
27,28
29,29
30,29
29,29
29,29
29,29
29,30
29,29
29,29
28,29
27,27
26,32
27,27
26,28
26,32
28,33
27,32
28,32
25,36
27,30
30,31
32,31
32,32
30,31
31,31
33,33
35,33
32,32
31,30
32,30
33,32
30,30
29,28
30,27
30,31
29,30
20,24
22,24
24,24
22,24
24,23
23,23
28,28
29,27
28,26
26,27
25,25
24,25
24,25
27,25
24,27
24,25
22,25
21,23
26,25
23,25
28,26
25,25
33,30
29,32
33,32
34,32
33,32
35,36
31,33
30,32
29,30
25,28
24,27
25,28
31,32
30,30
29,30
28,29
28,30
29,30
30,31
28,31
44,31
39,31
31,30
32,29
28,20
38,31
38,31
35,31
27,29
32,31
35,26
32,31
37,30
22,20
29,29
32,31
27,25
26,28
25,27
24,23
25,23
24,23
25,27
27,23
28,27
24,25
28,25
31,28
23,27
24,27
25,27
25,31
23,27
26,31
25,27
24,27
26,27
24,27
25,28
28,27
34,28
21,27
28,29
29,29
27,29
25,29
28,25
28,25
27,32
27,26
26,25
28,31
27,24
27,24
26,23
30,26
26,23
24,23
23,23
26,24
20,20
20,20
20,18
18,18
23,22
19,18
24,24
25,25
25,24
25,25
25,25
25,25
25,25
26,23
25,25
25,25
25,25
24,25
25,25
23,31
25,30
26,0
25,25
23,25
23,25
24,25
25,25
25,25
25,25
27,25
25,25
36,25
30,28
30,29
30,28
32,27
30,25
23,21
21,24
25,32
23,23
21,20
33,29
31,29
29,29
28,29
29,27
29,29
30,27
29,29
29,29
31,29
29,29
29,29
29,29
28,30
31,29
30,29
29,27
30,27
29,29
27,26
29,25
28,29
29,29
32,32
33,33
31,32
33,33
32,33
33,32
30,32
30,34
32,31
34,29
37,29
31,36
36,36
31,30
31,30
31,30
25,26
26,26
32,28
34,35
33,31
35,35
34,35
29,27
28,28
31,28
32,28
24,27
28,27
29,26
27,25
28,27
26,25
25,25
26,27
26,27
28,26
28,27
29,26
32,32
31,32
31,32
32,32
33,32
31,32
32,32
33,32
31,32
31,32
31,32
30,32
30,32
30,32
31,30
31,30
31,30
30,29
30,30
26,29
27,30
29,30
29,29
28,29
29,29
29,33
29,32
24,25
21,23
23,23
20,23
22,23
25,24
30,25
29,30
32,31
30,30
32,30
31,32
29,25
29,25
32,31
31,30
32,32
30,32
29,25
29,31
31,31
32,31
30,31
31,31
32,32
30,31
31,25
32,31
32,31
31,25
31,31
25,29
25,25
25,25
24,25
23,25
23,25
24,25
26,25
26,27
28,27
28,27
30,31
32,32
30,30
31,32
25,23
33,34
31,31
33,34
31,34
31,34
27,28
29,31
30,32
25,29
22,23
24,29
22,29
22,20
26,20
28,20
22,20
21,21
22,21
18,24
24,23
17,21
21,23
21,20
27,20
21,23
30,30
30,29
31,30
30,29
31,30
32,33
31,33
31,30
31,30
30,30
28,30
30,30
30,30
31,30
31,31
32,31
30,30
31,30
32,31
32,31
32,31
32,30
31,29
29,29
29,29
30,29
31,30
29,30
28,30
30,30
29,30
20,20
19,20
19,20
18,20
19,20
21,21
22,24
24,23
26,26
26,27
26,27
28,28
26,27
28,27
26,27
27,27
27,28
26,28
25,27
26,27
27,27
30,29
27,27
27,27
28,27
26,27
27,27
27,28
24,26
27,27
27,27
26,27
26,27
26,28
23,26
28,28
25,26
23,27
23,25
21,26
29,31
30,30
31,30
31,30
32,30
30,30
31,30
30,30
30,30
30,28
31,30
31,30
32,30
30,29
31,29
30,30
31,30
32,30
28,27
21,25
30,28
31,29
33,29
32,32
36,32
32,28
32,28
31,28
28,29
30,27
31,32
33,32
27,36
44,42
49,42
44,43
33,35
43,42
43,42
43,42
41,41
41,42
27,29
41,38
45,38
19,24
21,23
24,23
23,23
24,23
23,23
23,23
23,23
24,23
23,23
24,23
27,29
26,27
27,24
26,27
26,27
26,24
27,24
26,27
24,25
20,21
22,24
22,21
20,21
23,24
21,23
22,23
21,23
24,24
22,24
21,21
21,19
20,21
19,19
21,24
27,24
29,29
20,23
26,24
25,24
25,24
24,24
26,23
24,24
23,24
24,24
25,23
31,32
31,31
29,30
31,31
28,30
29,30
33,31
34,31
30,29
29,30
30,29
30,29
30,29
28,29
39,39
39,39
40,40
40,40
39,36
3,0
0,30
1,30
0,35
1,0
6,33
26,27
28,26
28,26
27,28
25,27
26,26
25,32
24,29
24,26
26,26
29,29
26,25
27,22
25,22
28,27
27,27
28,27
28,27
26,27
28,25
29,26
28,29
26,29
25,26
28,29
26,26
29,29
30,29
31,25
29,24
23,25
25,29
25,30
29,31
27,29
28,28
25,31
25,25
26,25
25,31
30,31
31,31
29,29
28,33
28,33
29,32
32,33
29,31
26,32
20,22
21,22
22,22
21,21
21,21
21,22
20,21
20,22
23,24
25,26
24,26
25,25
26,25
28,26
26,28
27,27
24,26
25,26
23,25
21,24
25,23
26,25
27,28
21,24
15,20
21,22
27,27
26,27
28,25
29,28
27,25
28,27
23,25
28,27
27,27
29,27
28,27
29,28
29,27
30,29
30,29
28,27
27,28
25,28
26,28
26,28
27,25
27,28
28,28
26,29
23,22
20,18
24,23
24,22
24,22
23,23
23,22
23,22
24,22
23,22
23,22
24,22
26,27
27,27
25,27
28,28
31,28
26,28
30,28
27,27
29,28
28,28
28,28
25,29
31,28
26,28
27,29
29,28
27,26
28,30
29,30
28,28
24,28
28,35
25,31
28,27
29,28
29,28
26,28
26,25
27,27
28,30
27,28
27,29
31,29
31,27
24,27
23,32
23,32
33,31
25,28
30,27
36,32
31,31
31,32
32,32
32,31
30,32
32,32
31,31
32,31
32,32
28,30
32,33
32,32
32,32
32,31
28,31
32,30
33,32
33,32
34,30
36,32
41,37
36,37
32,28
26,27
24,27
24,27
25,26
28,27
18,18
20,24
26,25
25,26
27,26
27,27
27,26
21,26
22,25
29,26
28,28
30,26
28,26
27,26
31,27
25,25
25,25
29,29
26,26
28,27
22,25
26,25
24,25
26,26
26,26
28,27
24,28
26,28
28,28
28,28
25,26
27,25
29,30
28,29
27,29
29,29
28,29
29,29
26,29
28,29
29,30
30,32
32,32
23,22
23,23
22,23
22,23
22,22
21,22
23,25
23,23
23,23
22,22
22,22
23,22
28,24
28,24
29,26
27,26
27,26
27,26
28,26
27,27
28,26
28,26
29,27
28,26
28,28
28,26
28,26
28,26
27,26
28,26
27,26
27,26
27,26
26,26
27,26
27,26
26,26
26,26
26,26
25,26
26,26
26,26
26,26
26,26
26,26
25,26
25,26
25,26
25,26
25,26
25,26
25,27
13,29
9,30
8,26
21,25
5,26
7,27
21,25
0,25
4,27
25,25
24,24
24,26
24,25
31,36
37,36
35,36
32,27
39,35
36,30
34,33
34,32
36,32
35,31
35,31
36,33
36,33
36,32
36,36
34,32
32,32
33,33
37,32
37,33
35,36
33,27
36,36
34,36
37,31
39,31
34,32
36,33
22,24
22,24
25,26
23,24
24,26
24,0
23,24
24,26
31,29
33,30
31,30
30,30
30,29
29,29
30,30
28,30
30,29
31,30
30,29
30,29
27,26
26,23
27,23
26,25
25,26
26,26
21,23
27,25
25,29
26,29
25,24
23,23
22,23
24,24
35,30
34,31
35,32
33,34
35,31
35,31
35,31
34,30
35,30
34,35
36,30
34,31
35,32
35,30
34,33
25,31
40,32
34,31
37,33
32,34
28,34
28,34
28,34
25,24
27,28
27,27
27,21
28,26
22,26
31,29
34,29
32,29
29,27
24,24
26,26
26,27
27,27
25,27
27,26
26,26
26,26
25,26
27,26
26,26
27,27
27,26
27,26
27,27
28,27
32,31
32,30
32,31
33,33
33,35
31,31
33,32
40,38
32,32
35,33
40,41
34,33
28,27
37,33
35,31
35,34
23,24
21,24
24,25
23,24
21,26
22,26
23,24
25,24
22,23
24,24
24,24
23,24
25,24
24,25
21,24
22,25
21,24
34,29
29,29
32,29
30,25
32,30
30,28
29,30
32,32
30,30
32,32
27,29
30,30
31,31
31,29
29,29
28,29
29,23
28,27
27,27
27,28
28,29
27,29
27,27
27,27
27,28
27,27
26,27
27,27
29,28
27,27
27,27
26,26
28,27
29,29
28,27
26,26
26,27
27,27
26,26
34,28
30,28
29,29
29,29
28,28
28,28
27,28
28,28
30,29
25,27
26,27
23,27
24,25
23,27
21,25
25,27
25,27
24,23
23,23
24,23
23,23
22,22
20,23
21,23
29,28
27,27
27,26
26,26
27,27
28,27
31,29
26,28
28,25
27,28
26,25
28,29
34,31
31,31
32,31
31,30
28,29
30,30
28,28
28,31
31,31
29,29
28,26
22,28
29,30
32,29
29,28
28,28
23,25
22,23
23,25
24,27
23,27
25,27
24,24
22,25
22,23
22,25
23,26
17,16
27,27
29,27
23,27
28,28
27,28
29,28
29,28
33,31
30,31
24,26
30,31
27,28
28,28
26,29
32,35
30,29
28,28
28,28
29,29
30,29
29,30
27,28
28,29
32,27
26,22
29,28
27,24
26,26
22,24
26,22
29,24
27,24
23,21
25,33
32,31
33,31
27,31
31,30
28,30
24,30
43,43
42,44
26,30
41,33
44,0
24,29
41,0
28,30
29,30
32,30
30,30
30,30
29,29
27,28
27,27
24,27
27,25
28,27
21,24
22,27
22,25
22,25
26,27
26,27
26,25
24,23
24,25
29,29
30,31
30,29
31,30
28,29
30,31
30,31
30,29
33,29
32,31
32,31
31,31
30,29
30,29
31,27
27,26
23,24
25,24
26,24
24,24
23,24
0,0
0,0
0,0
0,0
0,0
0,0
0,0
23,23
24,22
26,22
25,21
18,22
25,22
24,22
24,22
22,22
23,22
24,22
32,35
37,36
39,39
35,38
40,36
40,39
39,38
39,38
24,29
24,25
23,27
25,27
24,25
25,27
25,31
26,29
25,28
25,29
25,27
29,31
26,24
25,25
22,24
23,25
25,26
27,24
23,25
24,23
24,22
22,21
23,22
23,20
25,25
26,24
24,25
24,24
25,22
25,25
26,25
26,25
24,24
27,25
26,26
28,28
28,28
27,29
28,26
27,28
27,27
27,26
28,28
27,28
27,28
28,28
27,28
27,28
30,28
28,28
27,28
29,29
28,27
29,29
23,29
29,28
27,29
19,0
30,25
34,29
23,26
32,30
29,0
31,29
38,30
26,29
27,29
26,30
26,29
26,29
25,27
27,25
25,25
25,23
26,25
26,25
26,25
30,25
34,30
32,33
33,32
32,33
31,33
32,32
34,32
32,29
29,30
32,33
30,0
26,0
36,35
33,35
28,31
33,35
37,32
39,36
29,27
24,28
27,28
34,33
35,35
33,33
35,33
33,30
34,30
34,33
32,36
31,35
33,33
32,30
32,30
31,30
31,31
31,31
32,31
29,27
29,27
29,27
28,27
27,27
29,27
26,27
28,27
28,27
27,27
22,22
21,22
23,22
22,22
22,24
21,24
22,22
22,22
22,22
22,22
22,22
22,22
22,22
21,22
21,22
23,22
23,22
30,31
31,31
29,26
30,24
30,31
32,31
33,31
31,31
32,31
32,31
32,31
30,31
30,31
32,30
30,31
34,31
29,31
32,31
30,31
30,31
31,31
29,31
32,30
33,31
24,23
23,23
24,23
26,23
24,23
24,23
23,23
26,26
31,28
31,30
33,30
22,27
25,26
22,26
23,24
25,26
25,24
22,24
21,24
23,24
23,24
21,24
22,23
18,20
20,23
21,24
20,24
21,24
22,26
21,25
23,24
20,25
20,25
21,25
19,24
19,24
20,24
20,24
39,36
22,27
22,27
37,35
37,36
38,36
39,33
38,33
36,35
35,34
31,30
35,31
32,32
31,29
32,32
32,32
29,27
31,31
32,32
33,32
30,29
27,28
29,32
28,32
26,27
28,29
21,21
30,28
27,26
26,25
28,25
27,28
30,29
27,29
28,28
27,28
29,28
27,26
28,28
26,26
26,27
28,26
27,26
27,28
29,34
28,27
23,28
30,30
31,30
29,29
33,32
27,29
27,28
25,24
26,26
27,27
27,27
27,27
27,27
28,27
26,27
23,27
27,27
27,28
27,27
27,28
26,28
26,27
31,31
35,31
30,31
34,31
31,31
33,30
34,31
31,31
31,31
29,31
30,31
32,31
32,31
33,31
33,34
30,31
35,30
32,29
28,31
28,31
28,25
31,28
25,25
31,31
25,26
26,26
27,29
27,29
25,25
23,26
24,26
21,31
20,31
21,31
24,26
22,26
24,26
25,31
23,24
24,26
24,28
23,29
23,28
23,27
24,24
22,26
24,24
27,31
26,26
27,29
26,26
24,26
28,25
26,26
26,26
26,26
28,26
27,26
29,26
26,26
29,26
28,26
25,25
34,30
36,32
30,26
30,29
31,26
23,27
23,26
30,25
29,25
26,26
30,26
26,26
24,26
31,27
27,27
28,26
28,27
25,26
23,25
29,29
28,29
33,31
29,29
31,29
31,29
24,24
29,24
30,29
30,29
31,25
37,37
37,34
37,38
37,37
37,37
37,37
37,37
37,38
37,37
35,38
38,37
32,38
28,25
27,25
24,25
28,24
29,24
24,24
25,24
32,33
34,35
34,35
33,31
31,35
23,24
23,23
30,29
26,23
26,23
24,23
27,24
23,23
24,23
25,23
26,24
25,30
23,20
26,24
29,29
30,32
32,32
28,31
24,31
32,32
32,31
33,31
30,31
29,31
27,30
25,28
30,31
25,31
32,31
29,31
28,31
24,24
27,27
28,27
30,27
27,25
31,27
27,26
19,24
27,24
26,24
30,26
30,24
0,0
0,0
0,0
0,0
0,0
0,0
0,0
0,0
34,32
35,33
33,33
36,35
35,34
36,33
36,33
36,33
36,35
35,31
34,31
37,33
34,35
36,33
36,33
39,37
23,23
23,24
23,24
25,25
25,25
25,25
26,24
22,24
21,22
24,24
24,23
23,23
27,25
25,25
26,24
25,24
24,23
23,25
21,24
23,24
25,24
27,25
23,24
21,22
22,26
25,25
26,25
20,24
23,24
21,24
26,25
27,25
26,25
25,24
25,24
26,25
27,27
32,27
29,24
27,23
21,19
21,19
24,24
28,27
28,25
23,23
28,27
28,26
26,26
28,24
24,23
29,27
27,24
28,28
29,27
30,28
29,29
29,28
28,29
28,28
28,27
27,28
29,29
28,29
29,29
28,29
29,27
29,29
28,28
27,27
27,28
26,27
26,27
27,28
26,27
29,28
25,27
33,31
24,21
30,29
28,27
35,31
33,30
37,32
36,31
34,31
37,32
31,27
30,27
30,30
30,27
30,27
31,30
30,27
32,30
31,27
31,27
32,30
34,30
23,24
29,25
25,24
23,24
21,24
24,24
19,19
15,19
18,21
15,27
16,28
11,28
18,21
24,24
18,23
22,30
25,25
24,26
24,25
27,24
25,26
26,25
26,25
26,26
26,26
26,26
26,25
26,25
20,19
26,23
29,26
27,26
28,24
24,24
23,23
25,24
24,23
24,24
22,24
22,22
22,21
23,24
23,24
21,21
23,21
20,21
22,24
24,26
21,21
22,22
21,23
27,27
23,25
29,27
25,26
27,26
26,26
27,26
24,26
32,36
36,36
36,36
35,36
34,35
37,35
39,35
35,36
34,36
35,35
37,36
36,36
34,36
34,35
42,35
36,36
24,24
25,23
20,23
23,23
26,24
23,23
24,23
0,30
0,0
0,0
0,0
1,0
32,30
29,32
32,32
32,33
34,32
33,32
32,33
34,32
28,32
32,32
31,32
32,33
33,33
33,33
32,32
31,32
33,33
33,32
35,33
34,33
34,33
33,33
34,32
31,32
33,32
26,25
24,25
23,25
26,24
26,29
26,24
23,25
25,26
26,25
23,29
25,29
24,26
25,29
25,29
24,29
24,26
20,17
17,17
17,17
17,17
22,20
17,18
17,19
28,29
27,27
24,25
29,30
21,23
24,28
28,30
27,29
28,31
28,30
27,29
23,28
25,24
17,21
18,23
32,30
20,23
22,27
22,27
20,27
22,27
23,25
22,27
23,27
22,27
32,34
32,33
31,33
32,33
35,33
33,33
34,34
31,33
31,33
32,33
30,30
33,30
33,31
32,29
33,32
30,32
33,29
30,30
28,30
31,31
33,29
34,28
35,29
36,30
33,29
33,29
32,29
29,29
31,29
31,30
33,29
34,29
24,25
25,26
26,26
23,26
22,24
26,24
31,30
32,35
29,31
30,28
31,31
33,31
31,31
28,31
32,31
31,30
31,31
33,31
32,31
26,28
27,30
27,28
28,31
33,33
35,33
28,25
28,25
29,31
29,30
30,30
27,25
25,22
21,24
23,21
29,30
30,29
25,22
27,29
27,27
25,25
32,29
32,29
32,29
33,29
32,30
31,30
32,29
31,30
31,29
29,29
28,29
28,29
28,29
28,29
29,29
27,29
28,29
23,24
23,25
26,25
26,25
26,25
28,25
22,24
25,25
25,25
34,36
36,40
35,36
36,36
38,36
32,28
26,24
36,36
36,33
28,25
33,31
31,31
33,31
33,28
33,30
23,27
21,24
23,20
20,22
20,22
21,22
22,22
19,22
22,22
25,24
25,24
24,22
31,31
32,31
31,31
26,30
28,30
25,29
26,29
35,36
34,38
35,36
35,38
37,36
36,36
36,36
37,36
32,33
38,36
37,39
38,40
25,26
23,24
22,22
20,23
23,23
22,22
24,22
23,23
23,22
22,20
24,23
26,22
23,21
26,22
29,27
29,30
28,30
29,30
27,30
24,30
27,30
27,30
27,26
31,30
19,21
22,23
23,25
24,23
22,23
19,22
20,23
18,18
18,18
30,26
29,28
28,29
28,29
26,29
26,29
26,28
27,29
27,29
27,29
28,29
30,30
29,28
26,26
30,28
30,29
28,28
29,28
31,28
29,28
29,28
29,28
31,29
28,29
29,29
28,27
29,29
27,28
28,28
27,25
29,27
29,27
20,22
20,22
24,23
23,0
26,24
22,0
23,24
24,23
25,24
24,24
24,24
24,22
22,24
16,19
22,24
22,24
25,24
25,24
25,24
24,24
24,24
25,24
25,24
23,24
25,24
25,24
24,24
25,24
25,24
27,24
27,24
24,26
26,30
26,29
31,29
31,29
31,29
31,29
30,29
29,29
29,29
31,29
26,24
22,24
28,29
22,29
24,24
20,25
25,29
21,26
26,29
25,26
26,27
32,27
33,27
28,24
33,27
33,27
31,26
30,27
29,27
26,30
30,27
29,30
26,27
28,27
29,27
30,28
25,26
29,28
29,30
29,30
30,27
29,27
29,28
28,27
33,32
32,32
32,32
32,32
32,32
33,31
31,32
32,32
33,31
24,25
24,25
26,26
25,25
24,25
25,26
25,26
25,26
27,26
24,25
26,26
26,26
26,25
26,26
26,26
27,26
24,25
27,26
26,26
25,25
26,25
25,23
26,25
28,29
27,26
27,26
29,27
28,26
30,27
29,26
29,30
27,27
28,27
28,31
30,33
30,33
37,37
25,21
20,21
40,37
27,33
40,38
36,29
35,33
39,35
35,35
35,33
35,30
35,33
34,34
32,32
26,23
32,29
26,29
24,22
33,30
32,29
34,33
36,33
33,32
32,31
32,30
31,29
24,22
28,27
24,25
22,22
25,25
27,27
23,24
22,21
31,31
30,32
32,32
29,32
31,32
26,29
30,31
31,32
31,0
28,0
27,28
28,28
30,0
31,30
29,0
32,31
36,34
37,32
24,26
26,27
31,29
31,0
37,30
34,30
33,29
25,28
22,21
21,23
20,21
22,23
22,23
23,23
20,22
24,23
20,23
26,23
26,24
25,24
26,28
24,24
21,22
17,20
21,22
24,23
26,26
27,26
24,26
26,26
28,26
26,26
28,26
26,26
25,26
26,26
26,26
27,25
26,26
23,26
25,26
26,26
23,26
27,26
25,26
22,26
23,26
30,26
24,26
24,26
25,25
29,26
29,26
24,26
26,26
24,25
25,26
24,25
25,25
23,28
26,25
24,26
26,25
25,25
27,29
26,25
24,25
28,25
23,26
26,26
26,30
25,25
26,27
26,25
27,25
25,26
25,25
25,26
27,28
23,25
25,25
26,23
27,23
26,25
26,31
26,28
22,25
32,30
32,30
34,30
33,30
20,27
11,27
6,28
7,27
39,36
37,38
39,37
39,38
38,37
39,38
39,38
27,36
36,30
34,30
37,32
31,30
37,35
38,36
37,35
38,38
38,35
37,38
36,38
37,36
23,30
25,30
26,30
35,32
34,34
33,33
33,34
36,34
36,34
35,33
31,34
36,34
26,25
27,26
25,26
25,26
25,26
25,26
31,29
29,29
34,29
34,29
31,29
31,30
28,27
26,27
27,27
27,28
27,27
26,28
28,29
28,29
28,29
28,28
29,27
27,28
29,29
29,28
28,28
28,28
30,29
28,29
29,27
29,28
29,30
30,27
24,27
24,24
24,24
21,23
25,24
22,21
21,21
21,20
31,31
30,30
28,31
26,29
35,31
28,29
28,29
31,28
32,32
32,32
26,26
36,29
31,26
31,26
33,32
33,32
32,32
32,32
32,32
29,32
31,32
25,17
27,30
27,30
26,30
27,30
27,30
27,30
26,31
21,25
26,26
28,26
23,23
23,24
22,25
24,24
21,24
23,24
23,24
24,25
23,24
25,25
25,24
26,26
26,26
26,25
22,24
21,22
22,22
22,0
22,22
23,22
21,22
22,21
20,21
23,21
22,21
21,21
22,21
23,21
21,21
24,23
29,23
28,23
27,23
25,23
27,23
27,23
24,21
24,20
24,25
23,20
26,25
24,20
24,24
25,24
25,22
21,20
23,24
25,24
24,24
25,24
23,22
23,22
22,22
23,22
30,27
30,27
29,27
31,27
30,29
30,27
31,29
32,30
32,31
32,31
32,31
31,31
30,30
32,31
31,29
32,31
32,30
32,29
32,29
33,28
23,27
23,28
22,23
24,22
23,22
22,22
19,23
22,23
21,22
21,22
24,25
29,25
30,29
30,27
29,27
30,25
28,25
26,29
30,24
32,30
30,29
30,29
29,25
29,35
30,29
29,29
30,29
28,29
28,26
29,29
27,26
27,29
27,27
28,29
28,29
31,32
28,31
29,31
32,31
32,31
32,32
31,33
27,31
32,33
31,33
24,31
27,30
30,33
29,31
30,30
33,33
31,31
30,33
29,29
29,29
29,29
29,29
30,29
31,29
30,29
30,29
31,29
32,29
31,29
31,29
0,30
0,26
0,30
0,34
0,27
0,28
0,0
0,24
0,0
0,0
0,0
0,22
0,0
25,29
25,29
26,28
28,29
28,27
28,29
24,27
24,27
30,30
27,29
27,29
27,29
28,26
26,25
28,27
29,29
26,29
26,25
27,27
27,26
26,25
26,27
24,24
30,30
31,30
32,30
31,30
30,29
32,31
32,30
30,29
28,28
30,30
29,29
33,28
32,30
33,30
37,32
36,32
33,29
32,30
33,30
7,12
9,12
13,12
7,15
2,12
6,32
4,15
11,12
12,12
16,12
28,31
28,29
28,27
30,27
25,23
22,23
24,23
23,23
23,28
24,27
23,28
22,27
22,27
22,27
25,23
20,22
22,23
22,23
22,23
22,23
23,23
23,22
20,22
21,22
20,23
28,29
28,27
31,29
28,29
28,26
27,26
26,26
30,29
28,27
25,26
25,29
29,30
27,0
29,29
25,0
27,27
27,27
24,24
25,27
26,25
34,25
28,26
28,22
26,25
27,24
27,25
41,34
38,35
36,34
31,28
33,29
33,29
34,30
29,27
28,23
31,28
24,23
31,29
29,0
28,29
27,27
28,27
28,29
26,27
25,26
24,25
24,25
24,25
24,25
25,26
22,24
22,26
22,26
22,25
20,23
22,23
20,19
23,21
31,31
31,31
32,31
28,30
30,31
30,28
28,26
32,31
31,29
29,25
30,27
32,29
28,25
30,29
30,29
34,34
34,33
34,31
30,33
31,33
33,33
35,33
29,29
35,33
39,29
36,37
37,36
26,27
30,31
29,31
28,29
31,31
37,31
31,31
30,30
29,30
31,29
30,29
30,29
30,29
31,29
29,29
29,30
29,30
31,29
30,29
28,31
33,36
35,36
35,36
35,36
36,36
37,36
35,36
34,36
36,36
36,36
35,36
35,36
34,36
35,36
34,36
36,36
35,36
40,36
36,36
35,36
36,36
37,36
36,36
25,29
24,26
28,29
32,29
30,29
24,26
28,29
26,29
27,24
28,29
24,25
25,24
26,25
25,29
22,26
32,31
31,31
30,30
30,30
33,31
32,30
30,30
29,30
28,30
31,31
29,30
27,30
29,30
28,30
29,31
31,30
34,28
30,29
30,27
29,30
27,29
26,29
30,28
30,28
30,28
29,28
30,28
29,27
27,27
26,27
21,27
28,27
27,29
30,29
28,28
25,25
27,25
26,26
25,26
25,26
24,25
24,25
27,27
27,26
27,27
28,27
27,26
26,26
27,26
27,26
33,28
26,28
23,23
23,27
28,29
33,29
35,23
26,24
29,28
26,25
30,29
33,34
43,30
33,29
25,28
28,25
27,25
28,29
27,25
32,29
27,28
32,26
30,29
29,28
26,25
26,24
25,24
27,25
26,24
26,25
27,24
28,25
25,25
25,26
28,28
24,27
24,25
26,25
25,25
23,25
23,25
26,25
24,31
23,0
22,25
22,25
23,24
23,25
24,25
24,31
23,25
21,24
22,25
34,32
29,32
26,31
31,30
33,32
29,32
29,32
26,26
26,26
25,24
27,26
26,26
27,26
26,26
26,26
28,26
26,26
29,29
30,29
29,28
30,28
33,31
31,29
28,31
29,27
32,31
32,31
32,31
29,31
31,30
28,31
30,31
31,31
34,31
31,31
30,31
33,29
44,35
37,32
39,32
31,27
29,28
31,28
29,28
25,27
28,27
26,27
25,26
22,26
20,23
17,26
20,25
21,26
26,29
26,29
23,24
22,26
23,29
19,26
21,26
27,29
29,29
29,29
15,26
18,26
22,23
23,23
23,26
23,24
25,26
19,26
27,24
31,24
16,26
27,28
25,26
29,26
22,26
19,26
28,29
26,26
26,25
28,25
28,27
28,28
28,28
28,28
28,27
29,29
26,28
27,29
29,28
27,28
28,29
27,29
26,28
28,29
27,29
26,28
34,34
34,35
37,34
35,35
34,31
29,27
35,35
35,33
36,33
28,28
30,30
33,30
35,35
25,29
28,24
26,24
23,22
25,22
25,22
24,22
23,22
23,22
24,20
25,22
25,20
29,28
29,28
30,27
29,28
29,28
28,28
28,28
29,28
29,28
28,28
28,28
28,28
28,28
28,28
28,28
28,28
28,28
28,28
27,28
28,0
27,26
26,25
26,28
29,28
28,28
31,34
26,28
24,25
23,27
26,28
21,23
22,23
21,24
22,24
24,24
24,22
22,24
24,26
23,24
19,24
23,24
20,24
18,22
21,24
23,25
32,26
28,26
26,28
33,28
26,26
27,25
29,27
27,26
29,28
29,29
28,29
26,26
27,29
31,28
27,26
27,24
24,22
32,26
25,22
20,21
22,21
22,21
20,21
18,21
20,25
22,21
25,21
22,20
21,20
27,27
32,31
31,30
33,29
36,27
35,30
36,31
34,30
34,30
33,31
31,28
32,27
31,31
27,27
24,25
25,26
25,26
23,26
19,25
33,26
27,26
33,29
32,31
30,31
30,31
32,29
30,31
32,30
32,32
29,31
28,31
28,26
27,25
36,25
35,31
33,31
32,31
33,32
30,23
32,31
30,28
31,31
30,31
32,28
29,31
32,31
30,28
25,26
25,26
25,27
26,27
27,28
27,28
27,28
29,29
30,29
29,27
29,27
28,29
27,27
27,27
27,27
28,32
23,29
25,25
26,25
24,25
23,25
24,25
24,25
25,25
24,26
24,27
24,25
24,24
23,26
23,30
28,28
28,27
27,28
30,29
29,29
28,28
30,29
26,29
29,29
30,33
35,30
24,24
29,27
10,30
7,30
17,30
8,30
9,8
6,30
5,35
35,29
34,31
36,32
33,29
34,31
35,31
30,30
34,32
35,36
34,36
37,36
36,33
40,36
35,31
30,29
30,30
31,30
30,28
30,28
28,28
29,28
30,30
30,29
31,29
30,29
30,29
29,29
28,29
27,29
24,25
20,20
18,20
19,20
19,20
20,20
21,20
19,20
20,20
21,23
26,24
26,26
25,24
24,24
20,20
29,25
27,26
27,26
26,24
24,24
22,24
24,25
25,25
26,25
26,25
25,26
22,24
29,26
27,25
27,26
22,24
24,26
21,24
20,20
31,27
32,29
29,28
25,29
24,24
25,29
23,25
23,20
27,27
27,29
27,25
24,23
29,27
30,30
28,24
30,29
30,30
30,30
29,30
30,29
28,27
27,30
29,29
25,25
27,25
29,28
29,28
25,23
27,25
27,25
26,25
28,29
26,24
26,25
27,24
27,25
29,24
26,25
30,30
32,29
31,29
33,29
32,29
31,29
31,0
27,27
31,30
31,29
30,29
30,30
33,30
32,30
32,30
31,29
33,29
30,30
19,21
21,23
24,23
22,21
27,23
25,22
24,23
26,23
25,23
22,22
18,21
24,23
22,22
23,23
21,22
22,21
24,22
24,23
31,30
33,35
30,31
33,32
33,31
33,31
34,34
35,32
35,34
35,34
37,33
29,30
27,28
23,24
28,28
25,25
31,30
29,28
26,23
22,20
25,24
23,24
21,22
22,22
31,28
31,33
32,30
33,33
30,29
30,29
33,30
26,25
31,29
32,30
31,30
22,24
29,28
23,26
27,29
23,26
22,27
21,27
26,26
30,29
26,27
27,23
29,24
30,27
29,29
26,28
27,29
27,27
25,27
25,27
26,27
25,26
23,28
23,27
22,26
23,20
35,29
29,28
29,29
39,29
31,26
27,27
28,26
27,29
24,26
25,28
28,28
30,31
23,26
26,26
25,27
24,26
27,26
27,28
26,27
26,27
26,26
27,26
30,27
24,26
25,27
22,26
26,25
30,29
26,29
29,29
27,27
28,29
26,32
28,29
30,31
25,21
28,28
29,28
27,26
29,27
29,28
38,35
36,34
36,34
34,34
36,34
35,34
35,35
34,35
38,36
37,36
31,30
27,26
25,26
27,27
23,24
22,25
24,24
23,24
26,26
25,26
24,25
25,26
25,25
25,25
26,25
26,25
25,26
26,29
23,26
24,26
25,30
24,26
28,26
27,30
26,26
27,26
26,30
26,26
25,26
26,26
26,24
26,24
27,26
28,29
28,30
29,29
28,29
31,25
29,25
27,25
28,30
31,29
33,29
37,29
33,30
33,30
34,31
33,32
35,32
33,32
33,31
31,32
30,31
31,31
32,32
29,31
31,31
31,31
31,31
27,28
32,32
33,32
32,34
32,35
31,32
31,31
32,32
31,32
32,35
31,31
26,23
26,23
27,27
24,28
27,27
31,29
31,32
30,32
26,32
22,26
26,28
29,28
21,26
27,27
28,25
27,26
24,24
25,24
25,24
25,24
28,26
26,25
4,3
0,1
3,2
3,2
5,2
4,2
4,4
4,2
1,4
6,4
4,27
5,4
4,2
36,30
34,28
32,29
37,29
36,30
31,29
33,34
35,29
36,29
33,29
34,34
25,23
26,23
26,23
22,23
23,22
21,22
23,22
22,22
20,22
24,22
23,23
22,23
29,30
27,30
28,30
28,30
28,30
30,30
28,30
31,30
30,32
29,30
29,30
28,29
28,30
30,30
29,30
29,31
29,31
30,30
28,31
29,31
29,30
29,30
25,27
25,27
24,30
26,31
26,30
28,30
28,31
25,27
30,35
26,30
28,31
29,31
26,28
27,27
25,30
27,28
27,28
29,30
23,27
26,27
27,30
27,27
27,27
28,27
26,27
22,25
26,27
25,25
22,27
26,26
22,27
22,27
22,24
23,24
24,24
23,24
23,24
24,24
24,24
24,24
23,24
25,25
27,25
27,25
26,24
26,24
24,24
25,24
26,24
27,25
19,21
24,23
17,18
19,19
17,20
17,18
23,19
26,25
26,25
23,24
21,27
23,29
23,28
25,22
20,24
26,27
29,27
26,27
24,22
27,26
28,29
29,29
30,29
30,29
25,24
32,25
29,25
33,26
0,26
3,1
0,0
0,0
0,0
0,0
0,0
0,0
0,0
0,0
0,0
0,0
0,0
0,0
28,31
26,30
27,30
27,26
27,29
27,27
27,27
26,26
28,27
26,26
26,27
27,26
27,26
27,26
26,27
28,36
39,37
39,38
38,38
35,32
35,34
35,33
34,34
34,34
33,31
32,29
33,30
31,29
28,29
27,28
30,29
29,29
27,29
28,29
29,29
24,29
31,29
31,29
24,28
26,29
25,27
27,29
25,27
26,27
26,27
24,27
26,27
29,26
30,30
30,30
30,30
31,30
30,30
31,30
32,30
33,30
32,31
32,32
32,31
30,31
28,31
32,32
32,32
31,31
29,31
28,31
32,32
30,31
31,31
32,31
25,32
31,32
32,32
33,31
32,32
30,29
30,30
29,31
31,30
32,25
31,33
31,32
32,31
30,31
30,30
33,31
33,31
31,31
25,29
26,29
26,29
27,29
27,28
28,28
25,26
25,26
26,24
25,28
25,25
25,25
26,28
24,26
26,28
27,28
28,30
29,31
29,0
28,30
28,0
23,22
22,23
21,22
27,26
23,24
23,22
24,25
25,25
21,25
21,20
21,20
19,20
23,20
20,20
23,20
23,25
24,25
26,25
30,25
36,35
36,34
34,35
34,34
36,35
34,35
34,35
37,36
34,36
31,33
33,33
34,34
35,33
37,36
35,34
34,34
33,33
33,33
34,34
35,36
35,36
33,34
34,34
28,27
27,27
27,27
27,27
25,26
27,26
23,24
25,30
23,23
24,23
23,23
21,24
19,23
18,24
24,23
26,23
24,24
27,26
27,30
27,29
28,30
24,25
24,25
26,25
26,26
25,24
26,25
25,25
26,26
25,26
30,30
27,29
30,29
29,31
32,30
32,30
30,30
32,31
34,29
44,29
34,31
26,27
23,27
22,24
24,23
27,24
22,24
25,27
26,27
24,25
24,26
22,25
23,24
23,24
27,24
28,27
27,24
28,27
29,24
32,32
33,31
33,30
29,29
31,29
31,30
31,30
31,30
31,31
32,30
26,29
28,29
20,25
25,27
26,25
23,25
25,25
26,25
25,27
22,25
24,26
23,26
26,25
22,25
25,25
22,25
26,25
21,25
26,25
31,34
31,34
32,34
29,29
31,29
30,29
32,28
29,28
30,29
30,29
31,29
32,29
28,33
28,29
28,29
31,28
29,28
31,28
27,28
28,28
25,24
24,23
22,21
22,21
24,22
24,22
24,22
25,23
23,23
21,21
22,22
24,23
24,23
24,23
24,23
24,23
21,20
23,22
23,23
24,23
23,23
22,22
23,22
21,22
21,21
29,22
26,23
26,26
26,26
28,28
27,26
25,25
26,26
23,26
24,26
28,26
25,26
25,28
22,26
22,25
25,26
26,25
25,25
27,25
26,28
27,27
27,29
24,29
28,28
29,29
29,0
27,29
17,25
28,29
26,29
27,25
23,22
23,21
21,29
22,23
25,22
23,23
21,22
21,22
21,22
22,23
22,22
25,25
30,31
30,29
28,29
25,0
30,32
29,32
30,29
31,31
33,32
33,32
33,32
32,30
32,32
33,32
35,32
33,33
34,34
36,34
34,34
34,34
33,34
34,34
33,34
35,34
34,34
34,34
34,34
32,35
33,33
34,34
33,34
33,34
33,34
31,30
34,33
34,34
34,33
32,30
29,30
28,30
28,30
33,31
29,30
28,30
32,31
31,31
31,31
33,31
35,32
28,30
33,30
31,30
37,32
32,31
35,31
19,18
19,19
19,18
17,18
18,19
18,18
18,18
16,19
16,19
7,19
10,19
33,32
34,32
35,32
34,32
34,32
35,32
38,32
35,32
31,30
32,30
30,29
30,27
31,28
34,30
30,36
28,25
32,32
34,30
28,28
33,32
32,32
34,30
34,33
24,24
26,25
28,25
24,24
25,24
26,24
26,24
22,24
24,23
23,24
26,24
25,24
25,24
32,31
27,29
23,25
29,30
32,31
32,31
27,26
34,31
29,23
21,19
25,23
22,23
25,22
22,22
24,23
22,22
19,19
29,29
28,27
25,25
29,27
29,27
26,26
27,27
20,21
32,27
33,27
34,28
33,27
30,28
33,28
32,28
32,27
32,26
30,29
30,28
30,29
30,29
29,25
28,25
28,26
29,25
28,25
29,28
27,27
30,27
22,26
22,20
26,27
28,26
30,27
31,27
26,26
28,25
24,25
24,25
24,25
26,25
25,25
24,25
27,26
28,25
26,26
25,25
24,25
25,26
23,25
18,21
17,19
18,19
14,19
24,23
23,27
25,28
21,23
23,22
22,21
24,22
20,23
22,24
23,23
24,22
24,23
26,23
21,23
23,25
23,23
23,25
23,24
23,23
22,23
21,23
28,29
29,29
30,25
26,27
24,26
23,26
22,26
22,26
21,24
21,27
22,27
21,24
21,24
0,31
0,0
0,0
0,0
0,0
0,0
0,0
46,36
32,40
43,44
37,37
37,40
38,40
37,40
