y_true_final,y_pred_final
2.200000047683716,2.4990830421447754
2.299999952316284,2.487140417098999
2.5,2.4691131114959717
2.4000000953674316,2.4326393604278564
2.5,2.482255697250366
2.700000047683716,2.4842631816864014
2.5,2.6008012294769287
2.5999999046325684,2.6448380947113037
3.200000047683716,3.1995954513549805
3.0999999046325684,3.185295343399048
3.299999952316284,3.2528340816497803
2.9000000953674316,3.0403096675872803
3.0999999046325684,3.167919158935547
3.0999999046325684,3.1428966522216797
2.5,3.0573503971099854
2.700000047683716,2.762681007385254
2.799999952316284,2.7938590049743652
2.5999999046325684,2.816314220428467
2.799999952316284,2.685709238052368
2.700000047683716,2.498415470123291
2.4000000953674316,2.370192050933838
2.5,2.403592109680176
2.5,2.322141408920288
2.5,2.4245142936706543
2.4000000953674316,2.4002604484558105
2.4000000953674316,2.394547939300537
2.4000000953674316,2.389896869659424
2.4000000953674316,2.395181655883789
2.299999952316284,2.471250295639038
2.5,2.469332695007324
2.299999952316284,2.238666296005249
2.5,2.4729928970336914
2.9000000953674316,2.9745352268218994
3.200000047683716,2.951566457748413
3.200000047683716,2.965878963470459
3.0,3.015873432159424
2.9000000953674316,2.8872008323669434
2.799999952316284,2.8471615314483643
2.9000000953674316,2.8576858043670654
2.700000047683716,2.756671190261841
2.700000047683716,2.588742971420288
2.700000047683716,2.603027105331421
2.5,2.318260908126831
2.4000000953674316,2.4521822929382324
2.0,2.182145595550537
2.299999952316284,2.2781143188476562
2.5,2.466426372528076
2.5,2.421802043914795
2.5,2.6812350749969482
2.4000000953674316,2.5670340061187744
2.5,2.347264528274536
3.0999999046325684,2.9410462379455566
2.5999999046325684,2.9951131343841553
2.5,2.657351016998291
2.700000047683716,2.7178115844726562
3.200000047683716,3.035193920135498
2.5999999046325684,2.9652960300445557
2.799999952316284,2.8639211654663086
3.5,3.173280954360962
3.0,3.387417793273926
3.0,2.7952234745025635
2.799999952316284,2.894502878189087
2.9000000953674316,3.124321460723877
3.299999952316284,3.1761701107025146
2.9000000953674316,2.9484171867370605
2.9000000953674316,2.9303643703460693
2.799999952316284,3.3758018016815186
2.9000000953674316,2.950559139251709
2.700000047683716,2.7172672748565674
2.9000000953674316,2.974745512008667
3.0999999046325684,3.216959238052368
3.0,3.1587610244750977
3.0999999046325684,3.2258620262145996
3.5999999046325684,3.4767239093780518
3.5,3.4460575580596924
3.299999952316284,3.3554799556732178
3.299999952316284,3.258363962173462
2.9000000953674316,2.6738650798797607
3.4000000953674316,3.4126622676849365
2.0999999046325684,2.1544389724731445
2.4000000953674316,2.3370676040649414
2.200000047683716,2.2252132892608643
2.299999952316284,2.295276165008545
2.0,2.05473256111145
2.0999999046325684,2.3874967098236084
2.299999952316284,2.2906277179718018
2.299999952316284,2.258164405822754
2.0999999046325684,2.1845924854278564
2.799999952316284,2.856863498687744
3.0999999046325684,3.0232181549072266
3.0999999046325684,3.0677907466888428
2.799999952316284,2.8275339603424072
1.7999999523162842,1.8337324857711792
1.7999999523162842,1.821398138999939
1.899999976158142,1.8148473501205444
1.899999976158142,1.837712287902832
1.899999976158142,1.8529493808746338
1.7999999523162842,1.842301845550537
1.7999999523162842,1.862390398979187
1.899999976158142,1.8536968231201172
1.899999976158142,1.8566133975982666
1.899999976158142,1.831106185913086
1.7999999523162842,1.8380835056304932
1.7999999523162842,1.83368718624115
1.7999999523162842,1.8545433282852173
1.7000000476837158,1.8430097103118896
1.7999999523162842,1.8455607891082764
2.5999999046325684,2.6648712158203125
2.700000047683716,2.6467461585998535
2.4000000953674316,2.4861257076263428
2.700000047683716,2.7841663360595703
2.700000047683716,2.7800559997558594
2.700000047683716,2.660759925842285
2.5,2.725229024887085
2.9000000953674316,2.8880529403686523
2.5,2.8233094215393066
3.299999952316284,2.8994736671447754
2.9000000953674316,2.856083869934082
2.200000047683716,2.6241188049316406
1.899999976158142,3.008319139480591
2.0999999046325684,2.1896727085113525
2.299999952316284,2.358242988586426
2.200000047683716,2.1621217727661133
2.0,2.1175198554992676
2.0,2.5055036544799805
2.200000047683716,2.4240405559539795
2.299999952316284,2.400763511657715
2.200000047683716,2.2705702781677246
3.0999999046325684,3.2022814750671387
3.0999999046325684,3.003072500228882
2.9000000953674316,3.039349317550659
2.799999952316284,2.9029524326324463
2.700000047683716,2.6941144466400146
2.799999952316284,2.8026092052459717
3.0,3.202955722808838
2.5999999046325684,2.8585972785949707
2.0999999046325684,2.2878973484039307
2.200000047683716,2.35088849067688
2.200000047683716,2.313041925430298
2.200000047683716,2.2238035202026367
2.200000047683716,2.301877021789551
2.0,2.1438193321228027
2.299999952316284,2.3404369354248047
2.5999999046325684,2.2760796546936035
2.5,2.2662220001220703
2.299999952316284,2.2288427352905273
2.4000000953674316,2.29341721534729
2.200000047683716,2.2725441455841064
2.0999999046325684,2.2888951301574707
2.299999952316284,2.267174243927002
2.299999952316284,2.2801859378814697
2.299999952316284,2.331852912902832
2.4000000953674316,2.3036558628082275
3.0,2.9555318355560303
3.299999952316284,3.310823917388916
3.4000000953674316,3.3200645446777344
3.4000000953674316,3.366647481918335
3.200000047683716,3.23787784576416
3.4000000953674316,3.362379550933838
1.899999976158142,2.0071892738342285
2.0,1.9788368940353394
2.799999952316284,2.7153100967407227
2.700000047683716,2.7044973373413086
2.700000047683716,2.546013355255127
2.5999999046325684,2.5175328254699707
2.5,2.5318639278411865
2.299999952316284,2.4006824493408203
2.5,2.5140624046325684
2.5,2.49957275390625
2.299999952316284,2.395063877105713
2.5,2.441394567489624
2.4000000953674316,2.3503291606903076
2.0,2.313898801803589
1.7999999523162842,2.0937485694885254
2.200000047683716,2.171675682067871
2.200000047683716,2.1730382442474365
2.0999999046325684,2.0128073692321777
1.899999976158142,1.761304497718811
1.600000023841858,1.681365966796875
2.200000047683716,2.206303596496582
2.5999999046325684,2.478020191192627
2.5,2.496751546859741
2.299999952316284,2.3113114833831787
2.5,2.449493169784546
2.4000000953674316,2.5160751342773438
2.4000000953674316,2.345935821533203
2.5,2.543264389038086
2.5999999046325684,2.6354572772979736
2.700000047683716,2.641937017440796
2.700000047683716,2.62984299659729
2.700000047683716,2.711477756500244
2.0,1.9004931449890137
2.0999999046325684,1.9082622528076172
1.7000000476837158,1.8317594528198242
1.7999999523162842,1.875097632408142
0.30000001192092896,0.3787725269794464
0.4000000059604645,0.40938615798950195
0.30000001192092896,0.42658644914627075
0.30000001192092896,0.41654327511787415
2.5,2.593782663345337
2.4000000953674316,2.610283851623535
2.4000000953674316,2.327529191970825
2.5999999046325684,2.6818995475769043
2.5,2.6408135890960693
2.700000047683716,2.718996047973633
2.700000047683716,2.738043785095215
2.5999999046325684,2.6421473026275635
2.700000047683716,2.742274284362793
2.700000047683716,2.716843605041504
2.799999952316284,2.6381070613861084
2.5,2.6357333660125732
2.0999999046325684,2.6213345527648926
0.20000000298023224,0.32642558217048645
0.4000000059604645,0.2622228264808655
0.20000000298023224,0.5559586882591248
0.10000000149011612,0.26936888694763184
0.20000000298023224,0.31440427899360657
0.30000001192092896,0.3381955623626709
0.20000000298023224,0.26648810505867004
2.299999952316284,2.2635881900787354
2.299999952316284,2.281134605407715
2.299999952316284,2.290098190307617
2.0999999046325684,2.2317323684692383
2.200000047683716,2.2159838676452637
2.4000000953674316,2.3196468353271484
2.4000000953674316,2.2966630458831787
2.5999999046325684,2.261706590652466
2.799999952316284,2.750267744064331
2.5,2.6721177101135254
2.700000047683716,2.3589656352996826
2.5999999046325684,2.661593198776245
2.9000000953674316,2.6910510063171387
2.5999999046325684,2.692342519760132
2.5999999046325684,2.732461452484131
3.0,2.716498613357544
2.799999952316284,2.740591287612915
2.700000047683716,2.6869847774505615
2.700000047683716,2.7024455070495605
2.700000047683716,2.7911455631256104
2.700000047683716,2.7406435012817383
2.799999952316284,2.7316043376922607
2.799999952316284,2.7050819396972656
2.700000047683716,2.7221200466156006
2.700000047683716,2.7213385105133057
2.700000047683716,2.7523958683013916
2.9000000953674316,2.9957282543182373
3.0999999046325684,3.0611886978149414
3.200000047683716,3.1395890712738037
3.200000047683716,3.196475028991699
3.0,3.0171825885772705
2.799999952316284,2.7226855754852295
2.0,2.1733105182647705
2.200000047683716,2.186645030975342
2.299999952316284,2.1910557746887207
2.0999999046325684,2.1055729389190674
2.200000047683716,2.42803955078125
2.0,2.063593626022339
2.0,2.1774728298187256
2.200000047683716,2.4884257316589355
2.299999952316284,2.2272632122039795
2.0999999046325684,2.11570405960083
3.0,2.803154706954956
3.200000047683716,2.843222141265869
2.4000000953674316,2.7945775985717773
2.4000000953674316,2.704355239868164
2.5999999046325684,2.8589608669281006
2.799999952316284,2.847013473510742
2.9000000953674316,2.8260247707366943
3.0999999046325684,3.108678102493286
3.0,3.311044692993164
3.200000047683716,3.1404507160186768
3.200000047683716,3.0822947025299072
3.0999999046325684,3.097588539123535
3.0999999046325684,3.005619525909424
3.0999999046325684,3.062983989715576
3.0999999046325684,3.0722975730895996
3.0999999046325684,3.039829730987549
3.0,3.063302516937256
3.0999999046325684,3.0652542114257812
3.200000047683716,3.340289831161499
3.0999999046325684,3.071498155593872
3.200000047683716,2.9881348609924316
3.0999999046325684,3.045083522796631
2.700000047683716,2.988964319229126
3.0,3.0145397186279297
0.0,0.39588335156440735
0.0,1.6372365951538086
1.2999999523162842,0.7035143375396729
1.100000023841858,0.8657634854316711
1.0,1.000085473060608
1.0,0.8844523429870605
1.0,1.0016547441482544
0.699999988079071,1.0481646060943604
1.100000023841858,1.047714114189148
0.699999988079071,0.9854163527488708
3.299999952316284,2.802807092666626
3.0999999046325684,3.0733559131622314
2.799999952316284,2.7809321880340576
3.0,3.088259696960449
3.4000000953674316,3.256105422973633
2.9000000953674316,3.0213212966918945
3.0,3.3363311290740967
3.0,3.1788365840911865
3.299999952316284,3.087576389312744
2.799999952316284,3.000591516494751
3.0999999046325684,3.0128679275512695
2.9000000953674316,3.184115409851074
3.5,3.4380202293395996
3.5,3.579047203063965
3.700000047683716,3.6584572792053223
3.5999999046325684,3.626716375350952
3.299999952316284,3.345417022705078
3.5,3.5131614208221436
3.700000047683716,3.5968236923217773
2.4000000953674316,2.5386619567871094
3.0,2.9655039310455322
3.0,2.934330701828003
2.9000000953674316,2.929622173309326
3.0,2.949043035507202
2.9000000953674316,2.9347734451293945
2.9000000953674316,2.9094979763031006
2.799999952316284,2.906648874282837
3.0999999046325684,3.190643310546875
2.9000000953674316,2.893357992172241
2.799999952316284,2.863295078277588
2.5999999046325684,2.675877332687378
2.5999999046325684,2.4147653579711914
2.5,2.414461374282837
2.200000047683716,2.3740808963775635
1.7999999523162842,1.926849365234375
1.7999999523162842,2.0545854568481445
1.7000000476837158,2.005946397781372
2.0,2.1889307498931885
2.0999999046325684,2.1431024074554443
2.299999952316284,2.2858569622039795
3.200000047683716,2.910963773727417
2.5,2.6402127742767334
2.0,2.2867484092712402
2.700000047683716,2.6457343101501465
2.5999999046325684,2.4630184173583984
2.4000000953674316,2.360351085662842
2.5,2.4079573154449463
1.899999976158142,2.1004889011383057
2.299999952316284,2.2673325538635254
2.5999999046325684,2.595294713973999
2.5,2.29976224899292
2.5999999046325684,2.462022304534912
2.5999999046325684,2.56177020072937
2.5999999046325684,2.532862901687622
2.5999999046325684,2.5339772701263428
2.4000000953674316,2.511157512664795
2.799999952316284,2.6953277587890625
2.5999999046325684,2.668700695037842
2.9000000953674316,2.6784610748291016
2.4000000953674316,2.437574863433838
2.5,2.5585811138153076
2.5,2.5974299907684326
2.700000047683716,2.5793821811676025
2.700000047683716,2.5939857959747314
2.5,2.570950508117676
2.4000000953674316,2.5157392024993896
2.299999952316284,2.456134557723999
2.5,2.478888988494873
2.5999999046325684,2.817880630493164
2.299999952316284,2.5104732513427734
2.0,2.630300283432007
2.5,2.572220802307129
2.4000000953674316,2.5509250164031982
2.4000000953674316,2.267313003540039
2.299999952316284,2.5086238384246826
2.299999952316284,2.302412509918213
2.0,2.1839516162872314
2.299999952316284,2.3455312252044678
2.0,2.1314902305603027
2.0999999046325684,2.1954214572906494
2.5999999046325684,2.198004961013794
1.600000023841858,2.238100290298462
2.0999999046325684,2.1407291889190674
2.200000047683716,2.152287483215332
2.4000000953674316,2.2355716228485107
1.899999976158142,2.1258461475372314
3.5999999046325684,3.5725579261779785
3.700000047683716,3.5799367427825928
3.5999999046325684,3.5286238193511963
3.4000000953674316,3.4792733192443848
3.4000000953674316,3.4132535457611084
3.299999952316284,3.238586187362671
3.4000000953674316,3.2940139770507812
2.5,2.6124427318573
2.4000000953674316,2.5200119018554688
2.5,2.491213083267212
2.5,2.4308061599731445
2.5999999046325684,2.287980079650879
2.5,2.389913320541382
2.4000000953674316,2.5333566665649414
2.4000000953674316,2.4805874824523926
2.5,2.3661293983459473
2.5,2.4683139324188232
2.5,2.4389219284057617
2.700000047683716,2.5317654609680176
2.5999999046325684,2.742947578430176
2.9000000953674316,2.812267541885376
2.299999952316284,2.5887043476104736
2.5999999046325684,2.438295364379883
2.700000047683716,2.5383834838867188
2.5,2.585381507873535
2.9000000953674316,2.568659543991089
2.5,2.6525630950927734
2.5,2.5236501693725586
2.299999952316284,2.423415422439575
2.799999952316284,2.847993850708008
3.5,2.882641553878784
2.5,2.71612286567688
2.299999952316284,2.3498220443725586
1.899999976158142,2.4109084606170654
2.700000047683716,2.6331145763397217
2.5999999046325684,2.6573545932769775
1.399999976158142,1.6579941511154175
1.600000023841858,1.5796802043914795
2.0,1.6299445629119873
0.0,2.2012507915496826
2.0,2.271782159805298
2.700000047683716,2.7243239879608154
2.700000047683716,2.6796562671661377
2.5999999046325684,2.6587071418762207
2.700000047683716,2.599846363067627
2.0999999046325684,2.36722993850708
2.0,1.9151703119277954
2.299999952316284,2.346925973892212
2.5999999046325684,2.6141531467437744
2.299999952316284,2.4356887340545654
2.4000000953674316,2.5217268466949463
2.799999952316284,2.9196527004241943
2.700000047683716,2.5875015258789062
2.4000000953674316,2.27204966545105
2.5,2.5424954891204834
2.5,2.4187700748443604
2.5999999046325684,2.560789108276367
2.5,2.850984573364258
2.799999952316284,2.6870362758636475
2.5999999046325684,2.686554431915283
2.5,2.659404993057251
2.5999999046325684,2.5696818828582764
2.700000047683716,2.6748592853546143
2.4000000953674316,2.5043182373046875
2.5999999046325684,2.6985769271850586
3.0,2.9091339111328125
2.9000000953674316,2.9100234508514404
2.9000000953674316,2.8005521297454834
2.5999999046325684,2.426124334335327
2.700000047683716,2.6742522716522217
2.5999999046325684,2.8976778984069824
2.700000047683716,2.599735975265503
2.5,2.5347368717193604
2.5999999046325684,2.5916929244995117
2.5999999046325684,2.7003655433654785
2.4000000953674316,2.2674970626831055
2.0999999046325684,2.472893238067627
2.700000047683716,2.657338857650757
2.700000047683716,2.736473798751831
3.0999999046325684,3.030918598175049
3.0,3.0059845447540283
3.0,2.9945852756500244
2.9000000953674316,2.99544620513916
3.0,3.1547486782073975
3.0999999046325684,3.0028083324432373
2.799999952316284,2.7781600952148438
2.700000047683716,2.6707406044006348
2.700000047683716,2.6197378635406494
2.700000047683716,2.6328012943267822
2.5,2.6051175594329834
2.700000047683716,2.6256487369537354
2.799999952316284,3.015169143676758
2.700000047683716,2.6204113960266113
2.5999999046325684,2.5918002128601074
2.799999952316284,2.7450737953186035
2.799999952316284,2.706472873687744
2.799999952316284,2.787520408630371
3.0,2.787438154220581
2.5999999046325684,2.8047287464141846
2.9000000953674316,2.882800340652466
2.9000000953674316,3.014350414276123
3.0999999046325684,3.0151281356811523
2.799999952316284,2.915074110031128
2.9000000953674316,2.9454498291015625
2.9000000953674316,2.9807119369506836
2.5,2.8988282680511475
2.9000000953674316,2.8432416915893555
3.0,2.9327895641326904
2.5999999046325684,2.741713523864746
2.700000047683716,2.700409412384033
2.700000047683716,2.644718647003174
2.799999952316284,2.6444332599639893
3.0,3.0669074058532715
3.0,3.0131044387817383
2.9000000953674316,3.005051612854004
2.700000047683716,2.954145908355713
2.799999952316284,3.002455234527588
3.0999999046325684,3.0213005542755127
2.700000047683716,2.9971091747283936
2.9000000953674316,3.030729293823242
3.0,3.0488483905792236
3.0,2.999241352081299
3.299999952316284,3.182699680328369
3.0999999046325684,3.1063168048858643
3.200000047683716,3.3627424240112305
3.0,2.964604139328003
2.9000000953674316,3.0462646484375
2.9000000953674316,3.2163071632385254
3.200000047683716,3.2103965282440186
3.0,3.306239128112793
3.0,2.826432943344116
3.4000000953674316,3.378469467163086
3.0999999046325684,3.189589738845825
3.299999952316284,3.2129080295562744
3.299999952316284,3.2547852993011475
3.0,3.1827781200408936
3.4000000953674316,3.260582447052002
3.4000000953674316,3.290940284729004
3.200000047683716,3.2081034183502197
3.200000047683716,3.1928582191467285
3.299999952316284,3.231555938720703
2.799999952316284,2.809357166290283
3.0999999046325684,2.951528787612915
3.0999999046325684,3.131702184677124
3.299999952316284,3.208979606628418
3.200000047683716,3.2056353092193604
3.0999999046325684,3.191617727279663
3.0999999046325684,3.1726417541503906
3.5,3.204047679901123
3.5,3.243703603744507
3.299999952316284,3.121293544769287
2.9000000953674316,3.1161890029907227
3.0999999046325684,3.1694295406341553
2.9000000953674316,2.9058454036712646
2.9000000953674316,2.972940683364868
2.9000000953674316,2.9197874069213867
3.0,2.9300296306610107
2.9000000953674316,2.851526975631714
2.5999999046325684,2.842709541320801
2.9000000953674316,2.887387275695801
2.9000000953674316,2.882337808609009
2.799999952316284,2.875483989715576
2.9000000953674316,2.80792236328125
3.0999999046325684,3.064459800720215
3.200000047683716,3.1113054752349854
3.200000047683716,3.1597869396209717
3.0999999046325684,3.14249587059021
3.0999999046325684,3.1347100734710693
3.0999999046325684,2.922158718109131
3.0,3.02506685256958
3.200000047683716,2.4741294384002686
3.0,3.1284339427948
3.4000000953674316,2.986060380935669
2.299999952316284,2.3042030334472656
2.4000000953674316,2.2750284671783447
2.4000000953674316,2.3110337257385254
2.4000000953674316,2.4909770488739014
2.700000047683716,2.4373538494110107
2.700000047683716,2.5006399154663086
2.5999999046325684,2.5309598445892334
2.700000047683716,2.5442488193511963
2.9000000953674316,2.541067600250244
2.700000047683716,2.42669415473938
2.5999999046325684,2.528348207473755
2.5999999046325684,2.438504219055176
2.5999999046325684,2.4214303493499756
2.5,2.381446599960327
2.5,2.433392286300659
2.5,2.431140899658203
3.0,2.9602420330047607
2.799999952316284,2.9412012100219727
2.4000000953674316,2.4796929359436035
3.200000047683716,3.041008949279785
2.700000047683716,2.876776933670044
2.9000000953674316,2.9585988521575928
2.799999952316284,2.972543239593506
3.0999999046325684,2.8948535919189453
2.700000047683716,2.8465607166290283
2.9000000953674316,2.9385523796081543
3.0,2.9778544902801514
2.5999999046325684,2.9362759590148926
2.799999952316284,2.8793771266937256
2.9000000953674316,2.9270641803741455
3.0,2.9274284839630127
3.200000047683716,2.950305223464966
3.5,3.025020122528076
2.5,2.497615098953247
3.299999952316284,3.063903570175171
2.9000000953674316,2.894317388534546
2.9000000953674316,2.9973363876342773
2.9000000953674316,2.8607113361358643
2.799999952316284,2.8760793209075928
2.9000000953674316,2.8772406578063965
2.799999952316284,2.8224430084228516
2.799999952316284,2.877112627029419
2.700000047683716,2.838250160217285
2.799999952316284,2.803675889968872
2.799999952316284,2.8827128410339355
2.9000000953674316,2.9228522777557373
2.5999999046325684,2.718264579772949
3.200000047683716,3.1541967391967773
3.200000047683716,3.1278088092803955
3.0999999046325684,3.153620719909668
3.0999999046325684,3.100329875946045
3.0999999046325684,3.1048266887664795
3.0,2.8923912048339844
3.200000047683716,3.0561296939849854
2.9000000953674316,3.059541940689087
3.0,2.9156854152679443
2.5999999046325684,2.827807903289795
3.200000047683716,2.993835926055908
2.9000000953674316,2.871999740600586
2.799999952316284,2.919428825378418
2.700000047683716,2.8080668449401855
3.0,2.4716691970825195
2.200000047683716,2.25115966796875
2.299999952316284,2.313782215118408
2.200000047683716,2.2947182655334473
2.4000000953674316,2.6416473388671875
2.700000047683716,2.618748664855957
2.4000000953674316,2.424574136734009
2.4000000953674316,2.581511974334717
2.200000047683716,2.508112907409668
2.5999999046325684,2.458991765975952
2.5,2.5113422870635986
2.5,2.494840383529663
2.5999999046325684,2.5256972312927246
2.5999999046325684,2.52538800239563
2.4000000953674316,2.6667134761810303
2.5,2.9979050159454346
2.5999999046325684,2.6054141521453857
2.5999999046325684,2.6090939044952393
2.4000000953674316,2.5170223712921143
2.5999999046325684,2.605332851409912
2.700000047683716,2.607417583465576
2.5999999046325684,2.613313674926758
2.5999999046325684,2.6450295448303223
2.5,2.5581552982330322
2.5999999046325684,2.589682102203369
2.5999999046325684,2.5468318462371826
2.5,2.5397086143493652
2.5,2.5472233295440674
3.5999999046325684,3.154266357421875
3.0999999046325684,3.2087607383728027
3.0999999046325684,3.154864549636841
3.0,3.1783125400543213
3.200000047683716,3.0083730220794678
2.9000000953674316,2.9847166538238525
3.0999999046325684,3.0403096675872803
3.0,2.899576425552368
2.700000047683716,2.790895938873291
2.799999952316284,2.9125843048095703
3.0999999046325684,2.9380645751953125
3.299999952316284,2.853591203689575
3.0,2.6208114624023438
3.200000047683716,2.913787603378296
3.299999952316284,2.9898030757904053
3.5999999046325684,3.2205960750579834
2.5999999046325684,2.759199619293213
2.700000047683716,2.5522074699401855
3.299999952316284,2.9660415649414062
2.700000047683716,2.640357255935669
3.200000047683716,3.041454315185547
2.700000047683716,2.6240622997283936
2.700000047683716,2.7415335178375244
2.9000000953674316,2.9109950065612793
2.5,2.6495375633239746
2.200000047683716,2.70125150680542
2.9000000953674316,2.82464861869812
2.700000047683716,2.815786600112915
2.0999999046325684,2.850236177444458
3.0999999046325684,2.8656716346740723
3.299999952316284,2.7582690715789795
2.5999999046325684,2.454479694366455
2.5999999046325684,2.5079503059387207
2.5,2.4566287994384766
2.299999952316284,2.4777157306671143
2.700000047683716,2.9548888206481934
2.799999952316284,2.885303497314453
2.5999999046325684,2.866234540939331
3.0,2.9608187675476074
2.9000000953674316,2.8748245239257812
2.700000047683716,2.7145094871520996
2.5999999046325684,2.67596435546875
2.5999999046325684,2.6133439540863037
2.5999999046325684,2.52355694770813
2.5999999046325684,2.3559486865997314
2.4000000953674316,2.515099048614502
2.200000047683716,2.1888701915740967
2.9000000953674316,2.9296669960021973
2.799999952316284,2.8377912044525146
3.0999999046325684,2.846964120864868
2.5999999046325684,2.8650834560394287
2.700000047683716,2.8933751583099365
2.5999999046325684,2.5480475425720215
2.700000047683716,2.558561325073242
2.299999952316284,2.440924882888794
2.4000000953674316,2.489187479019165
2.4000000953674316,2.4282803535461426
2.5999999046325684,2.4568729400634766
3.0,2.918912410736084
2.4000000953674316,2.2081761360168457
2.799999952316284,2.832145929336548
2.0999999046325684,2.186924934387207
2.299999952316284,2.2721996307373047
2.700000047683716,2.9843549728393555
2.5999999046325684,2.6093947887420654
2.0999999046325684,2.0879440307617188
2.200000047683716,2.060915231704712
1.899999976158142,2.018153667449951
2.0,2.021820545196533
2.0,2.0232467651367188
1.899999976158142,1.9829559326171875
2.0,1.979132056236267
2.0,1.9758896827697754
2.0999999046325684,2.005953311920166
2.0,1.9991085529327393
2.0,2.0281760692596436
1.899999976158142,1.9594383239746094
2.0,2.0051281452178955
2.0,2.0024197101593018
2.700000047683716,2.4015893936157227
2.4000000953674316,2.329379081726074
2.299999952316284,2.213533401489258
2.0,2.0904433727264404
2.0999999046325684,2.3275890350341797
2.200000047683716,2.2304182052612305
2.9000000953674316,2.8127074241638184
2.799999952316284,2.905998468399048
2.5999999046325684,2.6438276767730713
2.5,2.5846426486968994
2.5999999046325684,2.6720592975616455
2.700000047683716,2.6793386936187744
2.9000000953674316,2.675588607788086
2.799999952316284,2.706430673599243
2.5999999046325684,2.6880695819854736
2.9000000953674316,2.808107376098633
2.700000047683716,2.8452200889587402
3.299999952316284,3.285788059234619
3.0,2.834993839263916
3.0999999046325684,2.883568048477173
2.700000047683716,2.7849225997924805
2.9000000953674316,2.9129459857940674
2.799999952316284,2.8862996101379395
3.0999999046325684,3.1155521869659424
3.0999999046325684,3.1067025661468506
2.9000000953674316,3.057891368865967
3.0,3.0851986408233643
2.5,2.4872453212738037
3.0999999046325684,2.9130542278289795
2.700000047683716,2.790433168411255
2.9000000953674316,2.6758971214294434
3.0,2.7084848880767822
2.9000000953674316,2.7713537216186523
2.299999952316284,2.6397006511688232
2.9000000953674316,2.7259576320648193
2.700000047683716,2.6775922775268555
3.0,2.5147483348846436
2.799999952316284,2.7109713554382324
2.799999952316284,2.6268739700317383
2.5999999046325684,2.563589334487915
2.799999952316284,2.720517158508301
2.700000047683716,2.720543146133423
2.700000047683716,2.7725861072540283
2.700000047683716,2.579094648361206
2.5,2.6531662940979004
2.4000000953674316,2.6025147438049316
2.5,2.6568377017974854
2.5,2.6069388389587402
2.700000047683716,2.6244900226593018
3.0,2.7274329662323
2.299999952316284,2.4586007595062256
2.4000000953674316,2.1622259616851807
1.7000000476837158,1.72171950340271
2.0999999046325684,2.0876026153564453
2.0999999046325684,2.1677091121673584
2.5,2.3592689037323
2.4000000953674316,2.4230797290802
2.5999999046325684,2.556569814682007
2.799999952316284,2.697844982147217
2.799999952316284,2.6753337383270264
2.5,2.417855978012085
2.299999952316284,2.4305007457733154
2.0,2.248143196105957
1.899999976158142,2.1194489002227783
2.200000047683716,2.1510345935821533
2.200000047683716,2.1855359077453613
2.200000047683716,2.187561273574829
2.299999952316284,2.2482223510742188
2.299999952316284,2.1967153549194336
2.299999952316284,2.335120439529419
2.299999952316284,2.315232038497925
2.4000000953674316,2.335117816925049
2.200000047683716,2.183192491531372
2.299999952316284,2.2740063667297363
2.299999952316284,2.2196173667907715
3.0,2.8443477153778076
2.5999999046325684,2.6846184730529785
2.799999952316284,2.803264617919922
3.0,3.0470221042633057
2.799999952316284,2.8927664756774902
3.0,3.0274040699005127
2.5999999046325684,2.536682605743408
2.5999999046325684,2.5983431339263916
2.700000047683716,2.6033010482788086
2.700000047683716,2.5121514797210693
2.5,2.480384111404419
2.799999952316284,2.759772300720215
2.5999999046325684,2.715439796447754
2.4000000953674316,2.8388803005218506
2.700000047683716,2.620197296142578
2.799999952316284,2.5697691440582275
2.799999952316284,2.748950719833374
2.799999952316284,2.7937278747558594
2.799999952316284,2.738130569458008
2.799999952316284,2.8566672801971436
2.799999952316284,2.7512197494506836
2.9000000953674316,2.845506429672241
2.799999952316284,2.9324796199798584
2.4000000953674316,2.7050764560699463
2.799999952316284,2.82853627204895
2.799999952316284,3.0118138790130615
2.799999952316284,2.995250940322876
2.799999952316284,2.9174044132232666
2.799999952316284,2.830298900604248
2.799999952316284,2.970682144165039
2.799999952316284,2.9632675647735596
2.9000000953674316,2.9709362983703613
2.9000000953674316,2.9326019287109375
2.9000000953674316,2.931356430053711
3.0,2.9564716815948486
3.0,2.964918851852417
3.200000047683716,3.1129915714263916
3.200000047683716,3.1291842460632324
3.299999952316284,3.3527486324310303
3.5,3.469552755355835
3.5,3.541269302368164
2.0999999046325684,2.2096550464630127
2.200000047683716,2.040158748626709
2.0999999046325684,2.1701717376708984
2.200000047683716,2.042106866836548
2.0999999046325684,2.0736241340637207
2.200000047683716,2.0882954597473145
2.299999952316284,2.256173849105835
2.0999999046325684,2.120844841003418
1.899999976158142,1.9442516565322876
3.200000047683716,3.1872236728668213
3.200000047683716,3.1814284324645996
3.200000047683716,3.180469036102295
3.0999999046325684,3.122918128967285
3.5999999046325684,3.5296027660369873
3.200000047683716,2.9985532760620117
2.700000047683716,3.0476267337799072
3.200000047683716,3.408682346343994
3.200000047683716,3.2500009536743164
3.5,3.346379518508911
3.0,2.9440205097198486
3.0,3.1987438201904297
3.299999952316284,3.427558422088623
2.799999952316284,3.10284423828125
3.0,3.219278573989868
3.0999999046325684,2.9578728675842285
0.0,0.035114698112010956
0.0,0.07758596539497375
0.0,0.025691453367471695
0.0,0.0017787626711651683
0.0,0.0033590197563171387
0.0,0.0062601687386631966
0.0,0.013395545072853565
2.5999999046325684,2.911284923553467
2.799999952316284,2.7525503635406494
2.9000000953674316,2.8014752864837646
2.9000000953674316,2.8689544200897217
2.799999952316284,2.8683409690856934
2.299999952316284,2.272454261779785
2.5,2.6263315677642822
2.4000000953674316,2.339395046234131
2.299999952316284,2.2448179721832275
2.299999952316284,2.213563919067383
2.299999952316284,2.3036553859710693
2.5999999046325684,2.7796411514282227
2.799999952316284,2.7942845821380615
2.799999952316284,2.814119577407837
2.5999999046325684,2.72510027885437
2.700000047683716,2.7844483852386475
2.700000047683716,2.794807195663452
2.5999999046325684,2.814971446990967
2.700000047683716,2.787832736968994
2.799999952316284,2.829352617263794
2.9000000953674316,2.8645246028900146
2.700000047683716,2.8326947689056396
2.5999999046325684,2.7268638610839844
2.799999952316284,2.6127328872680664
2.9000000953674316,2.9416112899780273
3.0999999046325684,2.757183313369751
2.9000000953674316,2.8221654891967773
3.5999999046325684,3.3126678466796875
2.5999999046325684,2.7581288814544678
3.200000047683716,3.0699269771575928
3.0,3.085446357727051
2.700000047683716,2.8603203296661377
3.200000047683716,3.0835587978363037
2.799999952316284,2.8837900161743164
2.0999999046325684,2.401568651199341
2.700000047683716,2.7862236499786377
2.700000047683716,2.7921745777130127
2.700000047683716,2.7828736305236816
2.700000047683716,2.7399041652679443
2.5999999046325684,2.4022879600524902
2.299999952316284,2.259613275527954
2.4000000953674316,2.3710193634033203
2.4000000953674316,2.4246366024017334
2.299999952316284,2.3293673992156982
2.4000000953674316,2.3861324787139893
2.299999952316284,2.382826328277588
2.299999952316284,2.362558126449585
2.4000000953674316,2.3433969020843506
2.200000047683716,2.307314157485962
2.200000047683716,2.1961143016815186
2.200000047683716,2.292973756790161
1.899999976158142,2.0469391345977783
2.4000000953674316,2.284451961517334
2.299999952316284,2.362222909927368
3.0999999046325684,3.0158824920654297
2.700000047683716,2.930708646774292
2.9000000953674316,2.9280872344970703
2.9000000953674316,2.927726984024048
2.9000000953674316,2.832597494125366
2.4000000953674316,2.3998382091522217
2.299999952316284,2.3637733459472656
2.200000047683716,2.229424238204956
2.0,2.1087453365325928
2.0,2.1078453063964844
1.899999976158142,2.0622007846832275
2.200000047683716,2.2672388553619385
2.200000047683716,2.13289213180542
2.0999999046325684,2.1967313289642334
2.0999999046325684,2.198537826538086
3.4000000953674316,3.2571067810058594
3.299999952316284,3.0972042083740234
3.200000047683716,3.105750799179077
3.0999999046325684,3.1538245677948
3.200000047683716,3.156175374984741
3.0999999046325684,3.0997893810272217
3.0999999046325684,3.1060283184051514
3.4000000953674316,3.17702317237854
3.200000047683716,3.119764804840088
3.0999999046325684,3.134323835372925
3.0,3.2408270835876465
3.0,3.0215651988983154
2.4000000953674316,2.474639415740967
2.4000000953674316,2.460566282272339
2.299999952316284,2.2963404655456543
2.200000047683716,2.2867379188537598
2.299999952316284,2.2722785472869873
2.0999999046325684,2.223994255065918
2.4000000953674316,2.3210654258728027
2.200000047683716,2.259044647216797
2.200000047683716,2.2457587718963623
2.4000000953674316,2.298591136932373
2.0999999046325684,2.076931953430176
2.299999952316284,2.340561866760254
2.299999952316284,2.3278658390045166
2.200000047683716,2.2583608627319336
2.299999952316284,2.268528699874878
2.4000000953674316,2.3365581035614014
2.299999952316284,2.2380924224853516
2.200000047683716,2.0890841484069824
3.0999999046325684,3.028787612915039
3.0,3.0133566856384277
3.0999999046325684,3.071532964706421
3.0,3.061131000518799
3.0999999046325684,3.202237129211426
3.200000047683716,3.1513781547546387
3.200000047683716,3.070204496383667
3.299999952316284,3.055607318878174
2.799999952316284,3.0489025115966797
3.0,3.072108507156372
3.0999999046325684,3.176936626434326
3.0,2.997195243835449
3.0999999046325684,2.7293472290039062
2.700000047683716,2.5986673831939697
2.9000000953674316,2.9913415908813477
2.5999999046325684,2.5944395065307617
2.9000000953674316,2.96136736869812
2.700000047683716,2.8493239879608154
2.5,2.724708080291748
2.700000047683716,2.613823890686035
2.9000000953674316,2.797778606414795
2.799999952316284,2.8107779026031494
2.799999952316284,2.8127732276916504
2.9000000953674316,2.877863645553589
2.799999952316284,2.808344602584839
2.799999952316284,2.8440864086151123
2.799999952316284,2.86576509475708
2.9000000953674316,2.8552112579345703
3.0,2.996230363845825
3.0,3.014904737472534
3.0999999046325684,2.9951517581939697
3.0,3.014862537384033
3.200000047683716,3.2170279026031494
3.200000047683716,3.3622887134552
3.0999999046325684,3.277149200439453
3.0999999046325684,3.2333595752716064
3.4000000953674316,3.1140170097351074
3.299999952316284,3.145542860031128
3.200000047683716,3.1967031955718994
3.0999999046325684,3.1724965572357178
3.299999952316284,3.2483129501342773
3.299999952316284,3.2664477825164795
3.299999952316284,3.1677932739257812
3.200000047683716,3.098212242126465
3.0,3.2585721015930176
3.200000047683716,3.2921645641326904
2.9000000953674316,2.8780763149261475
2.9000000953674316,2.8119356632232666
2.9000000953674316,2.8741016387939453
2.9000000953674316,2.872676134109497
2.9000000953674316,2.92409348487854
2.9000000953674316,2.9039466381073
3.0,2.9153220653533936
2.9000000953674316,2.9010093212127686
2.799999952316284,2.78882098197937
2.9000000953674316,2.897057294845581
2.5,2.775721311569214
2.799999952316284,2.778877019882202
2.700000047683716,2.5722978115081787
2.5999999046325684,2.6216940879821777
2.700000047683716,2.8798828125
2.700000047683716,2.69258189201355
2.799999952316284,2.615945816040039
2.799999952316284,2.709883689880371
2.9000000953674316,2.826674699783325
3.0,2.999077081680298
3.200000047683716,2.8608062267303467
3.4000000953674316,2.9524614810943604
3.0999999046325684,3.1609787940979004
2.9000000953674316,3.149224042892456
3.0999999046325684,3.03817081451416
2.9000000953674316,3.0295772552490234
3.0999999046325684,3.1389212608337402
3.200000047683716,3.1571128368377686
3.200000047683716,3.058976888656616
3.0999999046325684,3.161060333251953
3.0999999046325684,3.1503894329071045
3.0999999046325684,3.1631672382354736
3.299999952316284,3.1982781887054443
3.200000047683716,3.240311622619629
3.200000047683716,3.1927380561828613
3.200000047683716,3.154858112335205
3.799999952316284,3.557651996612549
3.5999999046325684,3.3285021781921387
3.4000000953674316,3.353389263153076
3.0999999046325684,3.197185516357422
3.200000047683716,3.1575119495391846
3.0999999046325684,3.039647340774536
3.200000047683716,3.1391749382019043
3.0999999046325684,3.142092704772949
3.4000000953674316,3.1347503662109375
2.9000000953674316,2.981550455093384
3.0999999046325684,3.1192660331726074
3.0,2.9380526542663574
3.0,3.124002456665039
3.0999999046325684,3.0159530639648438
3.0999999046325684,3.011425733566284
2.9000000953674316,2.839092969894409
2.799999952316284,2.9233386516571045
3.0,2.962588310241699
3.200000047683716,3.0197911262512207
3.200000047683716,2.9996755123138428
3.0,3.152844190597534
3.0,2.9960927963256836
3.0999999046325684,3.0667660236358643
2.700000047683716,2.7150893211364746
2.5,2.430366277694702
2.700000047683716,2.693664789199829
2.299999952316284,2.335866928100586
2.4000000953674316,2.4985525608062744
2.799999952316284,2.7576632499694824
2.9000000953674316,2.8170673847198486
2.799999952316284,2.8603408336639404
2.5999999046325684,2.4348788261413574
2.5999999046325684,2.4695558547973633
2.700000047683716,2.689556121826172
2.700000047683716,2.5366194248199463
2.5999999046325684,2.5239977836608887
2.299999952316284,2.131476879119873
2.200000047683716,2.1233742237091064
2.5,2.494807720184326
2.5999999046325684,2.5884108543395996
2.4000000953674316,2.460479259490967
2.200000047683716,2.2113280296325684
2.0999999046325684,2.108203887939453
2.0999999046325684,2.1104202270507812
2.200000047683716,2.2024013996124268
2.0,2.1070263385772705
3.200000047683716,3.323204278945923
3.0999999046325684,3.215907096862793
3.299999952316284,3.289424419403076
3.299999952316284,3.2533226013183594
3.200000047683716,3.2178356647491455
3.299999952316284,3.279262065887451
3.200000047683716,3.198566198348999
3.0999999046325684,3.018886089324951
2.5999999046325684,2.5882022380828857
2.700000047683716,2.7524912357330322
2.5999999046325684,2.587066650390625
2.4000000953674316,2.543325662612915
2.700000047683716,2.666171073913574
2.5999999046325684,2.686549425125122
3.799999952316284,3.701956272125244
3.4000000953674316,3.4044735431671143
3.4000000953674316,3.42828106880188
3.5,3.5509374141693115
3.299999952316284,3.497934341430664
3.5,3.4773712158203125
3.0,2.926786422729492
3.200000047683716,2.7709150314331055
3.299999952316284,3.480112075805664
2.700000047683716,3.0212249755859375
2.9000000953674316,3.0303564071655273
3.5999999046325684,3.594219446182251
3.5999999046325684,3.6034698486328125
3.5999999046325684,3.6592254638671875
3.5999999046325684,3.655836343765259
3.5999999046325684,3.652717351913452
3.700000047683716,3.552889585494995
3.799999952316284,3.6206276416778564
3.5,3.5837509632110596
3.5999999046325684,3.549048662185669
3.5,3.568993330001831
3.9000000953674316,3.9388484954833984
4.0,3.94218111038208
4.0,3.9283108711242676
4.099999904632568,3.9367215633392334
4.199999809265137,3.9377076625823975
2.9000000953674316,2.9353599548339844
3.0999999046325684,3.173880100250244
3.0,3.0795698165893555
2.9000000953674316,2.8179962635040283
2.200000047683716,2.277444362640381
2.200000047683716,2.244182825088501
2.299999952316284,2.2716379165649414
2.5999999046325684,2.4131476879119873
1.899999976158142,2.0800888538360596
2.4000000953674316,2.285677909851074
2.299999952316284,2.3574328422546387
2.5999999046325684,2.5157783031463623
2.799999952316284,2.5508151054382324
2.5999999046325684,2.6861824989318848
2.9000000953674316,2.8050057888031006
2.700000047683716,2.850853443145752
2.799999952316284,2.7308592796325684
2.4000000953674316,2.71537709236145
1.5,1.895778775215149
2.299999952316284,2.3599061965942383
1.7000000476837158,1.8801020383834839
2.0,2.2353315353393555
2.200000047683716,2.2565195560455322
2.0999999046325684,2.2902650833129883
2.4000000953674316,2.344510793685913
2.200000047683716,2.303985118865967
2.0999999046325684,2.2206153869628906
2.299999952316284,2.3600103855133057
2.200000047683716,2.34301495552063
2.299999952316284,2.3026082515716553
2.700000047683716,2.695868968963623
2.700000047683716,2.7051923274993896
2.799999952316284,2.7158403396606445
2.700000047683716,2.71657395362854
2.799999952316284,2.7285728454589844
2.700000047683716,2.778621196746826
2.700000047683716,2.6859967708587646
3.0,2.789924144744873
2.799999952316284,2.7654707431793213
2.5,2.5014894008636475
3.200000047683716,3.1771209239959717
3.299999952316284,3.136497974395752
2.799999952316284,2.531559705734253
3.299999952316284,3.1413731575012207
3.200000047683716,3.1477084159851074
2.5999999046325684,2.594266176223755
2.5999999046325684,2.9335761070251465
3.5,3.5231502056121826
4.0,3.777717351913452
4.099999904632568,3.8976287841796875
3.200000047683716,3.0637223720550537
2.700000047683716,2.847163677215576
2.799999952316284,3.0905494689941406
3.0,2.9988622665405273
2.799999952316284,2.7651116847991943
2.700000047683716,2.8193888664245605
3.0,2.99833083152771
2.700000047683716,2.8798654079437256
2.299999952316284,2.2664554119110107
2.200000047683716,2.2118215560913086
2.4000000953674316,2.226325035095215
2.0999999046325684,2.2263810634613037
2.0,2.262004852294922
2.0,2.142467975616455
2.0999999046325684,2.119645118713379
2.200000047683716,2.2860207557678223
2.200000047683716,2.209911823272705
2.9000000953674316,2.9530112743377686
2.9000000953674316,2.94937801361084
3.0,2.9416072368621826
3.0,2.958988666534424
2.799999952316284,2.8761775493621826
3.0,2.9954657554626465
2.9000000953674316,2.9252679347991943
2.9000000953674316,3.0241615772247314
2.9000000953674316,2.9374258518218994
2.799999952316284,2.9146087169647217
3.200000047683716,3.097585439682007
3.0,3.0653958320617676
3.200000047683716,3.177436113357544
2.799999952316284,2.9623491764068604
2.9000000953674316,2.9612081050872803
3.200000047683716,3.155259132385254
3.200000047683716,3.085226535797119
3.0,3.0182747840881348
3.0999999046325684,3.0176777839660645
3.299999952316284,3.074770212173462
2.200000047683716,2.329271078109741
2.299999952316284,2.321124792098999
2.299999952316284,2.393977165222168
2.4000000953674316,2.2828361988067627
2.299999952316284,2.209033727645874
2.5,2.4000048637390137
3.0999999046325684,3.0778284072875977
2.9000000953674316,2.9465606212615967
2.799999952316284,2.7814254760742188
2.9000000953674316,2.825444459915161
2.5,2.6789486408233643
2.299999952316284,2.5942139625549316
2.700000047683716,2.6825246810913086
2.700000047683716,2.699960708618164
2.4000000953674316,2.5318729877471924
3.0999999046325684,2.9859485626220703
3.5999999046325684,3.5166189670562744
3.0999999046325684,2.8531758785247803
2.700000047683716,2.7205936908721924
2.200000047683716,2.182957410812378
2.5999999046325684,2.5941293239593506
2.5,2.407747745513916
2.200000047683716,2.307570219039917
2.4000000953674316,2.21754789352417
2.0,2.1410975456237793
2.5999999046325684,2.4388701915740967
2.200000047683716,2.434723377227783
2.700000047683716,2.8561654090881348
2.5999999046325684,2.6217856407165527
2.799999952316284,2.1837239265441895
2.700000047683716,2.7678678035736084
2.5999999046325684,2.5803611278533936
2.5999999046325684,2.4889724254608154
2.5999999046325684,2.587023973464966
2.5,2.6150588989257812
2.5,2.620145559310913
2.5999999046325684,2.6296546459198
2.5,2.5183911323547363
2.5,2.4953930377960205
3.299999952316284,2.5264110565185547
2.9000000953674316,2.8618602752685547
2.799999952316284,2.808534860610962
2.700000047683716,2.771799087524414
2.700000047683716,2.6294713020324707
2.5999999046325684,2.3109614849090576
2.299999952316284,2.294046640396118
2.5999999046325684,2.3946104049682617
2.5999999046325684,2.528461217880249
3.0,2.8033676147460938
2.5999999046325684,2.4890217781066895
2.5999999046325684,2.438544988632202
2.700000047683716,2.6190476417541504
2.5,2.4742331504821777
2.700000047683716,2.7009711265563965
3.200000047683716,2.8931541442871094
2.799999952316284,2.7513136863708496
2.5,2.5765018463134766
2.299999952316284,2.4470932483673096
2.200000047683716,2.2033276557922363
2.700000047683716,2.6911542415618896
2.200000047683716,2.111917495727539
2.4000000953674316,2.4486355781555176
2.700000047683716,2.5146238803863525
2.4000000953674316,2.3943374156951904
2.299999952316284,2.396277904510498
2.5,2.4159791469573975
3.299999952316284,3.2888073921203613
3.299999952316284,3.2713515758514404
3.5,3.320385694503784
3.299999952316284,3.2698605060577393
3.299999952316284,3.2621443271636963
0.6000000238418579,1.2015793323516846
0.6000000238418579,1.1860324144363403
0.5,1.1680470705032349
0.699999988079071,1.118851900100708
0.5,1.0146108865737915
1.100000023841858,1.3875195980072021
2.700000047683716,1.4750274419784546
2.0,1.2433431148529053
1.7000000476837158,1.4118210077285767
1.0,1.4298679828643799
2.4000000953674316,2.448040246963501
2.5,2.4584202766418457
2.5,2.4324212074279785
2.4000000953674316,2.331005334854126
2.299999952316284,2.2660059928894043
2.299999952316284,2.2756190299987793
2.299999952316284,2.3277554512023926
2.0999999046325684,2.1656410694122314
2.299999952316284,2.4255175590515137
2.5,2.353238821029663
2.799999952316284,2.7375080585479736
2.799999952316284,2.8702614307403564
2.9000000953674316,2.939206600189209
2.799999952316284,2.892110824584961
2.799999952316284,2.861290454864502
2.9000000953674316,2.984600305557251
2.9000000953674316,2.9557266235351562
2.9000000953674316,2.96118426322937
3.0999999046325684,3.008467674255371
2.700000047683716,2.816880226135254
2.5999999046325684,2.614060878753662
2.5,2.521638870239258
2.700000047683716,2.538774013519287
2.5999999046325684,2.657728672027588
2.299999952316284,2.6938724517822266
2.700000047683716,2.5726277828216553
2.799999952316284,2.531153440475464
2.5999999046325684,2.6316473484039307
2.5999999046325684,2.7494328022003174
2.799999952316284,2.7493937015533447
